DateKey,Date,Year,Quarter,YearQuarter,Month,MonthName,MonthShort,YearMonth,Week,DayOfWeek,DayName,DayShort,IsWeekend,DateLabel
20080101,2008-01-01,2008,1,Q1 2008,1,January,Jan,2008-01,1,2,Tuesday,Tue,0,01 Jan 2008
20080102,2008-01-02,2008,1,Q1 2008,1,January,Jan,2008-01,1,3,Wednesday,Wed,0,02 Jan 2008
20080103,2008-01-03,2008,1,Q1 2008,1,January,Jan,2008-01,1,4,Thursday,Thu,0,03 Jan 2008
20080104,2008-01-04,2008,1,Q1 2008,1,January,Jan,2008-01,1,5,Friday,Fri,0,04 Jan 2008
20080105,2008-01-05,2008,1,Q1 2008,1,January,Jan,2008-01,1,6,Saturday,Sat,1,05 Jan 2008
20080106,2008-01-06,2008,1,Q1 2008,1,January,Jan,2008-01,1,7,Sunday,Sun,1,06 Jan 2008
20080107,2008-01-07,2008,1,Q1 2008,1,January,Jan,2008-01,2,1,Monday,Mon,0,07 Jan 2008
20080108,2008-01-08,2008,1,Q1 2008,1,January,Jan,2008-01,2,2,Tuesday,Tue,0,08 Jan 2008
20080109,2008-01-09,2008,1,Q1 2008,1,January,Jan,2008-01,2,3,Wednesday,Wed,0,09 Jan 2008
20080110,2008-01-10,2008,1,Q1 2008,1,January,Jan,2008-01,2,4,Thursday,Thu,0,10 Jan 2008
20080111,2008-01-11,2008,1,Q1 2008,1,January,Jan,2008-01,2,5,Friday,Fri,0,11 Jan 2008
20080112,2008-01-12,2008,1,Q1 2008,1,January,Jan,2008-01,2,6,Saturday,Sat,1,12 Jan 2008
20080113,2008-01-13,2008,1,Q1 2008,1,January,Jan,2008-01,2,7,Sunday,Sun,1,13 Jan 2008
20080114,2008-01-14,2008,1,Q1 2008,1,January,Jan,2008-01,3,1,Monday,Mon,0,14 Jan 2008
20080115,2008-01-15,2008,1,Q1 2008,1,January,Jan,2008-01,3,2,Tuesday,Tue,0,15 Jan 2008
20080116,2008-01-16,2008,1,Q1 2008,1,January,Jan,2008-01,3,3,Wednesday,Wed,0,16 Jan 2008
20080117,2008-01-17,2008,1,Q1 2008,1,January,Jan,2008-01,3,4,Thursday,Thu,0,17 Jan 2008
20080118,2008-01-18,2008,1,Q1 2008,1,January,Jan,2008-01,3,5,Friday,Fri,0,18 Jan 2008
20080119,2008-01-19,2008,1,Q1 2008,1,January,Jan,2008-01,3,6,Saturday,Sat,1,19 Jan 2008
20080120,2008-01-20,2008,1,Q1 2008,1,January,Jan,2008-01,3,7,Sunday,Sun,1,20 Jan 2008
20080121,2008-01-21,2008,1,Q1 2008,1,January,Jan,2008-01,4,1,Monday,Mon,0,21 Jan 2008
20080122,2008-01-22,2008,1,Q1 2008,1,January,Jan,2008-01,4,2,Tuesday,Tue,0,22 Jan 2008
20080123,2008-01-23,2008,1,Q1 2008,1,January,Jan,2008-01,4,3,Wednesday,Wed,0,23 Jan 2008
20080124,2008-01-24,2008,1,Q1 2008,1,January,Jan,2008-01,4,4,Thursday,Thu,0,24 Jan 2008
20080125,2008-01-25,2008,1,Q1 2008,1,January,Jan,2008-01,4,5,Friday,Fri,0,25 Jan 2008
20080126,2008-01-26,2008,1,Q1 2008,1,January,Jan,2008-01,4,6,Saturday,Sat,1,26 Jan 2008
20080127,2008-01-27,2008,1,Q1 2008,1,January,Jan,2008-01,4,7,Sunday,Sun,1,27 Jan 2008
20080128,2008-01-28,2008,1,Q1 2008,1,January,Jan,2008-01,5,1,Monday,Mon,0,28 Jan 2008
20080129,2008-01-29,2008,1,Q1 2008,1,January,Jan,2008-01,5,2,Tuesday,Tue,0,29 Jan 2008
20080130,2008-01-30,2008,1,Q1 2008,1,January,Jan,2008-01,5,3,Wednesday,Wed,0,30 Jan 2008
20080131,2008-01-31,2008,1,Q1 2008,1,January,Jan,2008-01,5,4,Thursday,Thu,0,31 Jan 2008
20080201,2008-02-01,2008,1,Q1 2008,2,February,Feb,2008-02,5,5,Friday,Fri,0,01 Feb 2008
20080202,2008-02-02,2008,1,Q1 2008,2,February,Feb,2008-02,5,6,Saturday,Sat,1,02 Feb 2008
20080203,2008-02-03,2008,1,Q1 2008,2,February,Feb,2008-02,5,7,Sunday,Sun,1,03 Feb 2008
20080204,2008-02-04,2008,1,Q1 2008,2,February,Feb,2008-02,6,1,Monday,Mon,0,04 Feb 2008
20080205,2008-02-05,2008,1,Q1 2008,2,February,Feb,2008-02,6,2,Tuesday,Tue,0,05 Feb 2008
20080206,2008-02-06,2008,1,Q1 2008,2,February,Feb,2008-02,6,3,Wednesday,Wed,0,06 Feb 2008
20080207,2008-02-07,2008,1,Q1 2008,2,February,Feb,2008-02,6,4,Thursday,Thu,0,07 Feb 2008
20080208,2008-02-08,2008,1,Q1 2008,2,February,Feb,2008-02,6,5,Friday,Fri,0,08 Feb 2008
20080209,2008-02-09,2008,1,Q1 2008,2,February,Feb,2008-02,6,6,Saturday,Sat,1,09 Feb 2008
20080210,2008-02-10,2008,1,Q1 2008,2,February,Feb,2008-02,6,7,Sunday,Sun,1,10 Feb 2008
20080211,2008-02-11,2008,1,Q1 2008,2,February,Feb,2008-02,7,1,Monday,Mon,0,11 Feb 2008
20080212,2008-02-12,2008,1,Q1 2008,2,February,Feb,2008-02,7,2,Tuesday,Tue,0,12 Feb 2008
20080213,2008-02-13,2008,1,Q1 2008,2,February,Feb,2008-02,7,3,Wednesday,Wed,0,13 Feb 2008
20080214,2008-02-14,2008,1,Q1 2008,2,February,Feb,2008-02,7,4,Thursday,Thu,0,14 Feb 2008
20080215,2008-02-15,2008,1,Q1 2008,2,February,Feb,2008-02,7,5,Friday,Fri,0,15 Feb 2008
20080216,2008-02-16,2008,1,Q1 2008,2,February,Feb,2008-02,7,6,Saturday,Sat,1,16 Feb 2008
20080217,2008-02-17,2008,1,Q1 2008,2,February,Feb,2008-02,7,7,Sunday,Sun,1,17 Feb 2008
20080218,2008-02-18,2008,1,Q1 2008,2,February,Feb,2008-02,8,1,Monday,Mon,0,18 Feb 2008
20080219,2008-02-19,2008,1,Q1 2008,2,February,Feb,2008-02,8,2,Tuesday,Tue,0,19 Feb 2008
20080220,2008-02-20,2008,1,Q1 2008,2,February,Feb,2008-02,8,3,Wednesday,Wed,0,20 Feb 2008
20080221,2008-02-21,2008,1,Q1 2008,2,February,Feb,2008-02,8,4,Thursday,Thu,0,21 Feb 2008
20080222,2008-02-22,2008,1,Q1 2008,2,February,Feb,2008-02,8,5,Friday,Fri,0,22 Feb 2008
20080223,2008-02-23,2008,1,Q1 2008,2,February,Feb,2008-02,8,6,Saturday,Sat,1,23 Feb 2008
20080224,2008-02-24,2008,1,Q1 2008,2,February,Feb,2008-02,8,7,Sunday,Sun,1,24 Feb 2008
20080225,2008-02-25,2008,1,Q1 2008,2,February,Feb,2008-02,9,1,Monday,Mon,0,25 Feb 2008
20080226,2008-02-26,2008,1,Q1 2008,2,February,Feb,2008-02,9,2,Tuesday,Tue,0,26 Feb 2008
20080227,2008-02-27,2008,1,Q1 2008,2,February,Feb,2008-02,9,3,Wednesday,Wed,0,27 Feb 2008
20080228,2008-02-28,2008,1,Q1 2008,2,February,Feb,2008-02,9,4,Thursday,Thu,0,28 Feb 2008
20080229,2008-02-29,2008,1,Q1 2008,2,February,Feb,2008-02,9,5,Friday,Fri,0,29 Feb 2008
20080301,2008-03-01,2008,1,Q1 2008,3,March,Mar,2008-03,9,6,Saturday,Sat,1,01 Mar 2008
20080302,2008-03-02,2008,1,Q1 2008,3,March,Mar,2008-03,9,7,Sunday,Sun,1,02 Mar 2008
20080303,2008-03-03,2008,1,Q1 2008,3,March,Mar,2008-03,10,1,Monday,Mon,0,03 Mar 2008
20080304,2008-03-04,2008,1,Q1 2008,3,March,Mar,2008-03,10,2,Tuesday,Tue,0,04 Mar 2008
20080305,2008-03-05,2008,1,Q1 2008,3,March,Mar,2008-03,10,3,Wednesday,Wed,0,05 Mar 2008
20080306,2008-03-06,2008,1,Q1 2008,3,March,Mar,2008-03,10,4,Thursday,Thu,0,06 Mar 2008
20080307,2008-03-07,2008,1,Q1 2008,3,March,Mar,2008-03,10,5,Friday,Fri,0,07 Mar 2008
20080308,2008-03-08,2008,1,Q1 2008,3,March,Mar,2008-03,10,6,Saturday,Sat,1,08 Mar 2008
20080309,2008-03-09,2008,1,Q1 2008,3,March,Mar,2008-03,10,7,Sunday,Sun,1,09 Mar 2008
20080310,2008-03-10,2008,1,Q1 2008,3,March,Mar,2008-03,11,1,Monday,Mon,0,10 Mar 2008
20080311,2008-03-11,2008,1,Q1 2008,3,March,Mar,2008-03,11,2,Tuesday,Tue,0,11 Mar 2008
20080312,2008-03-12,2008,1,Q1 2008,3,March,Mar,2008-03,11,3,Wednesday,Wed,0,12 Mar 2008
20080313,2008-03-13,2008,1,Q1 2008,3,March,Mar,2008-03,11,4,Thursday,Thu,0,13 Mar 2008
20080314,2008-03-14,2008,1,Q1 2008,3,March,Mar,2008-03,11,5,Friday,Fri,0,14 Mar 2008
20080315,2008-03-15,2008,1,Q1 2008,3,March,Mar,2008-03,11,6,Saturday,Sat,1,15 Mar 2008
20080316,2008-03-16,2008,1,Q1 2008,3,March,Mar,2008-03,11,7,Sunday,Sun,1,16 Mar 2008
20080317,2008-03-17,2008,1,Q1 2008,3,March,Mar,2008-03,12,1,Monday,Mon,0,17 Mar 2008
20080318,2008-03-18,2008,1,Q1 2008,3,March,Mar,2008-03,12,2,Tuesday,Tue,0,18 Mar 2008
20080319,2008-03-19,2008,1,Q1 2008,3,March,Mar,2008-03,12,3,Wednesday,Wed,0,19 Mar 2008
20080320,2008-03-20,2008,1,Q1 2008,3,March,Mar,2008-03,12,4,Thursday,Thu,0,20 Mar 2008
20080321,2008-03-21,2008,1,Q1 2008,3,March,Mar,2008-03,12,5,Friday,Fri,0,21 Mar 2008
20080322,2008-03-22,2008,1,Q1 2008,3,March,Mar,2008-03,12,6,Saturday,Sat,1,22 Mar 2008
20080323,2008-03-23,2008,1,Q1 2008,3,March,Mar,2008-03,12,7,Sunday,Sun,1,23 Mar 2008
20080324,2008-03-24,2008,1,Q1 2008,3,March,Mar,2008-03,13,1,Monday,Mon,0,24 Mar 2008
20080325,2008-03-25,2008,1,Q1 2008,3,March,Mar,2008-03,13,2,Tuesday,Tue,0,25 Mar 2008
20080326,2008-03-26,2008,1,Q1 2008,3,March,Mar,2008-03,13,3,Wednesday,Wed,0,26 Mar 2008
20080327,2008-03-27,2008,1,Q1 2008,3,March,Mar,2008-03,13,4,Thursday,Thu,0,27 Mar 2008
20080328,2008-03-28,2008,1,Q1 2008,3,March,Mar,2008-03,13,5,Friday,Fri,0,28 Mar 2008
20080329,2008-03-29,2008,1,Q1 2008,3,March,Mar,2008-03,13,6,Saturday,Sat,1,29 Mar 2008
20080330,2008-03-30,2008,1,Q1 2008,3,March,Mar,2008-03,13,7,Sunday,Sun,1,30 Mar 2008
20080331,2008-03-31,2008,1,Q1 2008,3,March,Mar,2008-03,14,1,Monday,Mon,0,31 Mar 2008
20080401,2008-04-01,2008,2,Q2 2008,4,April,Apr,2008-04,14,2,Tuesday,Tue,0,01 Apr 2008
20080402,2008-04-02,2008,2,Q2 2008,4,April,Apr,2008-04,14,3,Wednesday,Wed,0,02 Apr 2008
20080403,2008-04-03,2008,2,Q2 2008,4,April,Apr,2008-04,14,4,Thursday,Thu,0,03 Apr 2008
20080404,2008-04-04,2008,2,Q2 2008,4,April,Apr,2008-04,14,5,Friday,Fri,0,04 Apr 2008
20080405,2008-04-05,2008,2,Q2 2008,4,April,Apr,2008-04,14,6,Saturday,Sat,1,05 Apr 2008
20080406,2008-04-06,2008,2,Q2 2008,4,April,Apr,2008-04,14,7,Sunday,Sun,1,06 Apr 2008
20080407,2008-04-07,2008,2,Q2 2008,4,April,Apr,2008-04,15,1,Monday,Mon,0,07 Apr 2008
20080408,2008-04-08,2008,2,Q2 2008,4,April,Apr,2008-04,15,2,Tuesday,Tue,0,08 Apr 2008
20080409,2008-04-09,2008,2,Q2 2008,4,April,Apr,2008-04,15,3,Wednesday,Wed,0,09 Apr 2008
20080410,2008-04-10,2008,2,Q2 2008,4,April,Apr,2008-04,15,4,Thursday,Thu,0,10 Apr 2008
20080411,2008-04-11,2008,2,Q2 2008,4,April,Apr,2008-04,15,5,Friday,Fri,0,11 Apr 2008
20080412,2008-04-12,2008,2,Q2 2008,4,April,Apr,2008-04,15,6,Saturday,Sat,1,12 Apr 2008
20080413,2008-04-13,2008,2,Q2 2008,4,April,Apr,2008-04,15,7,Sunday,Sun,1,13 Apr 2008
20080414,2008-04-14,2008,2,Q2 2008,4,April,Apr,2008-04,16,1,Monday,Mon,0,14 Apr 2008
20080415,2008-04-15,2008,2,Q2 2008,4,April,Apr,2008-04,16,2,Tuesday,Tue,0,15 Apr 2008
20080416,2008-04-16,2008,2,Q2 2008,4,April,Apr,2008-04,16,3,Wednesday,Wed,0,16 Apr 2008
20080417,2008-04-17,2008,2,Q2 2008,4,April,Apr,2008-04,16,4,Thursday,Thu,0,17 Apr 2008
20080418,2008-04-18,2008,2,Q2 2008,4,April,Apr,2008-04,16,5,Friday,Fri,0,18 Apr 2008
20080419,2008-04-19,2008,2,Q2 2008,4,April,Apr,2008-04,16,6,Saturday,Sat,1,19 Apr 2008
20080420,2008-04-20,2008,2,Q2 2008,4,April,Apr,2008-04,16,7,Sunday,Sun,1,20 Apr 2008
20080421,2008-04-21,2008,2,Q2 2008,4,April,Apr,2008-04,17,1,Monday,Mon,0,21 Apr 2008
20080422,2008-04-22,2008,2,Q2 2008,4,April,Apr,2008-04,17,2,Tuesday,Tue,0,22 Apr 2008
20080423,2008-04-23,2008,2,Q2 2008,4,April,Apr,2008-04,17,3,Wednesday,Wed,0,23 Apr 2008
20080424,2008-04-24,2008,2,Q2 2008,4,April,Apr,2008-04,17,4,Thursday,Thu,0,24 Apr 2008
20080425,2008-04-25,2008,2,Q2 2008,4,April,Apr,2008-04,17,5,Friday,Fri,0,25 Apr 2008
20080426,2008-04-26,2008,2,Q2 2008,4,April,Apr,2008-04,17,6,Saturday,Sat,1,26 Apr 2008
20080427,2008-04-27,2008,2,Q2 2008,4,April,Apr,2008-04,17,7,Sunday,Sun,1,27 Apr 2008
20080428,2008-04-28,2008,2,Q2 2008,4,April,Apr,2008-04,18,1,Monday,Mon,0,28 Apr 2008
20080429,2008-04-29,2008,2,Q2 2008,4,April,Apr,2008-04,18,2,Tuesday,Tue,0,29 Apr 2008
20080430,2008-04-30,2008,2,Q2 2008,4,April,Apr,2008-04,18,3,Wednesday,Wed,0,30 Apr 2008
20080501,2008-05-01,2008,2,Q2 2008,5,May,May,2008-05,18,4,Thursday,Thu,0,01 May 2008
20080502,2008-05-02,2008,2,Q2 2008,5,May,May,2008-05,18,5,Friday,Fri,0,02 May 2008
20080503,2008-05-03,2008,2,Q2 2008,5,May,May,2008-05,18,6,Saturday,Sat,1,03 May 2008
20080504,2008-05-04,2008,2,Q2 2008,5,May,May,2008-05,18,7,Sunday,Sun,1,04 May 2008
20080505,2008-05-05,2008,2,Q2 2008,5,May,May,2008-05,19,1,Monday,Mon,0,05 May 2008
20080506,2008-05-06,2008,2,Q2 2008,5,May,May,2008-05,19,2,Tuesday,Tue,0,06 May 2008
20080507,2008-05-07,2008,2,Q2 2008,5,May,May,2008-05,19,3,Wednesday,Wed,0,07 May 2008
20080508,2008-05-08,2008,2,Q2 2008,5,May,May,2008-05,19,4,Thursday,Thu,0,08 May 2008
20080509,2008-05-09,2008,2,Q2 2008,5,May,May,2008-05,19,5,Friday,Fri,0,09 May 2008
20080510,2008-05-10,2008,2,Q2 2008,5,May,May,2008-05,19,6,Saturday,Sat,1,10 May 2008
20080511,2008-05-11,2008,2,Q2 2008,5,May,May,2008-05,19,7,Sunday,Sun,1,11 May 2008
20080512,2008-05-12,2008,2,Q2 2008,5,May,May,2008-05,20,1,Monday,Mon,0,12 May 2008
20080513,2008-05-13,2008,2,Q2 2008,5,May,May,2008-05,20,2,Tuesday,Tue,0,13 May 2008
20080514,2008-05-14,2008,2,Q2 2008,5,May,May,2008-05,20,3,Wednesday,Wed,0,14 May 2008
20080515,2008-05-15,2008,2,Q2 2008,5,May,May,2008-05,20,4,Thursday,Thu,0,15 May 2008
20080516,2008-05-16,2008,2,Q2 2008,5,May,May,2008-05,20,5,Friday,Fri,0,16 May 2008
20080517,2008-05-17,2008,2,Q2 2008,5,May,May,2008-05,20,6,Saturday,Sat,1,17 May 2008
20080518,2008-05-18,2008,2,Q2 2008,5,May,May,2008-05,20,7,Sunday,Sun,1,18 May 2008
20080519,2008-05-19,2008,2,Q2 2008,5,May,May,2008-05,21,1,Monday,Mon,0,19 May 2008
20080520,2008-05-20,2008,2,Q2 2008,5,May,May,2008-05,21,2,Tuesday,Tue,0,20 May 2008
20080521,2008-05-21,2008,2,Q2 2008,5,May,May,2008-05,21,3,Wednesday,Wed,0,21 May 2008
20080522,2008-05-22,2008,2,Q2 2008,5,May,May,2008-05,21,4,Thursday,Thu,0,22 May 2008
20080523,2008-05-23,2008,2,Q2 2008,5,May,May,2008-05,21,5,Friday,Fri,0,23 May 2008
20080524,2008-05-24,2008,2,Q2 2008,5,May,May,2008-05,21,6,Saturday,Sat,1,24 May 2008
20080525,2008-05-25,2008,2,Q2 2008,5,May,May,2008-05,21,7,Sunday,Sun,1,25 May 2008
20080526,2008-05-26,2008,2,Q2 2008,5,May,May,2008-05,22,1,Monday,Mon,0,26 May 2008
20080527,2008-05-27,2008,2,Q2 2008,5,May,May,2008-05,22,2,Tuesday,Tue,0,27 May 2008
20080528,2008-05-28,2008,2,Q2 2008,5,May,May,2008-05,22,3,Wednesday,Wed,0,28 May 2008
20080529,2008-05-29,2008,2,Q2 2008,5,May,May,2008-05,22,4,Thursday,Thu,0,29 May 2008
20080530,2008-05-30,2008,2,Q2 2008,5,May,May,2008-05,22,5,Friday,Fri,0,30 May 2008
20080531,2008-05-31,2008,2,Q2 2008,5,May,May,2008-05,22,6,Saturday,Sat,1,31 May 2008
20080601,2008-06-01,2008,2,Q2 2008,6,June,Jun,2008-06,22,7,Sunday,Sun,1,01 Jun 2008
20080602,2008-06-02,2008,2,Q2 2008,6,June,Jun,2008-06,23,1,Monday,Mon,0,02 Jun 2008
20080603,2008-06-03,2008,2,Q2 2008,6,June,Jun,2008-06,23,2,Tuesday,Tue,0,03 Jun 2008
20080604,2008-06-04,2008,2,Q2 2008,6,June,Jun,2008-06,23,3,Wednesday,Wed,0,04 Jun 2008
20080605,2008-06-05,2008,2,Q2 2008,6,June,Jun,2008-06,23,4,Thursday,Thu,0,05 Jun 2008
20080606,2008-06-06,2008,2,Q2 2008,6,June,Jun,2008-06,23,5,Friday,Fri,0,06 Jun 2008
20080607,2008-06-07,2008,2,Q2 2008,6,June,Jun,2008-06,23,6,Saturday,Sat,1,07 Jun 2008
20080608,2008-06-08,2008,2,Q2 2008,6,June,Jun,2008-06,23,7,Sunday,Sun,1,08 Jun 2008
20080609,2008-06-09,2008,2,Q2 2008,6,June,Jun,2008-06,24,1,Monday,Mon,0,09 Jun 2008
20080610,2008-06-10,2008,2,Q2 2008,6,June,Jun,2008-06,24,2,Tuesday,Tue,0,10 Jun 2008
20080611,2008-06-11,2008,2,Q2 2008,6,June,Jun,2008-06,24,3,Wednesday,Wed,0,11 Jun 2008
20080612,2008-06-12,2008,2,Q2 2008,6,June,Jun,2008-06,24,4,Thursday,Thu,0,12 Jun 2008
20080613,2008-06-13,2008,2,Q2 2008,6,June,Jun,2008-06,24,5,Friday,Fri,0,13 Jun 2008
20080614,2008-06-14,2008,2,Q2 2008,6,June,Jun,2008-06,24,6,Saturday,Sat,1,14 Jun 2008
20080615,2008-06-15,2008,2,Q2 2008,6,June,Jun,2008-06,24,7,Sunday,Sun,1,15 Jun 2008
20080616,2008-06-16,2008,2,Q2 2008,6,June,Jun,2008-06,25,1,Monday,Mon,0,16 Jun 2008
20080617,2008-06-17,2008,2,Q2 2008,6,June,Jun,2008-06,25,2,Tuesday,Tue,0,17 Jun 2008
20080618,2008-06-18,2008,2,Q2 2008,6,June,Jun,2008-06,25,3,Wednesday,Wed,0,18 Jun 2008
20080619,2008-06-19,2008,2,Q2 2008,6,June,Jun,2008-06,25,4,Thursday,Thu,0,19 Jun 2008
20080620,2008-06-20,2008,2,Q2 2008,6,June,Jun,2008-06,25,5,Friday,Fri,0,20 Jun 2008
20080621,2008-06-21,2008,2,Q2 2008,6,June,Jun,2008-06,25,6,Saturday,Sat,1,21 Jun 2008
20080622,2008-06-22,2008,2,Q2 2008,6,June,Jun,2008-06,25,7,Sunday,Sun,1,22 Jun 2008
20080623,2008-06-23,2008,2,Q2 2008,6,June,Jun,2008-06,26,1,Monday,Mon,0,23 Jun 2008
20080624,2008-06-24,2008,2,Q2 2008,6,June,Jun,2008-06,26,2,Tuesday,Tue,0,24 Jun 2008
20080625,2008-06-25,2008,2,Q2 2008,6,June,Jun,2008-06,26,3,Wednesday,Wed,0,25 Jun 2008
20080626,2008-06-26,2008,2,Q2 2008,6,June,Jun,2008-06,26,4,Thursday,Thu,0,26 Jun 2008
20080627,2008-06-27,2008,2,Q2 2008,6,June,Jun,2008-06,26,5,Friday,Fri,0,27 Jun 2008
20080628,2008-06-28,2008,2,Q2 2008,6,June,Jun,2008-06,26,6,Saturday,Sat,1,28 Jun 2008
20080629,2008-06-29,2008,2,Q2 2008,6,June,Jun,2008-06,26,7,Sunday,Sun,1,29 Jun 2008
20080630,2008-06-30,2008,2,Q2 2008,6,June,Jun,2008-06,27,1,Monday,Mon,0,30 Jun 2008
20080701,2008-07-01,2008,3,Q3 2008,7,July,Jul,2008-07,27,2,Tuesday,Tue,0,01 Jul 2008
20080702,2008-07-02,2008,3,Q3 2008,7,July,Jul,2008-07,27,3,Wednesday,Wed,0,02 Jul 2008
20080703,2008-07-03,2008,3,Q3 2008,7,July,Jul,2008-07,27,4,Thursday,Thu,0,03 Jul 2008
20080704,2008-07-04,2008,3,Q3 2008,7,July,Jul,2008-07,27,5,Friday,Fri,0,04 Jul 2008
20080705,2008-07-05,2008,3,Q3 2008,7,July,Jul,2008-07,27,6,Saturday,Sat,1,05 Jul 2008
20080706,2008-07-06,2008,3,Q3 2008,7,July,Jul,2008-07,27,7,Sunday,Sun,1,06 Jul 2008
20080707,2008-07-07,2008,3,Q3 2008,7,July,Jul,2008-07,28,1,Monday,Mon,0,07 Jul 2008
20080708,2008-07-08,2008,3,Q3 2008,7,July,Jul,2008-07,28,2,Tuesday,Tue,0,08 Jul 2008
20080709,2008-07-09,2008,3,Q3 2008,7,July,Jul,2008-07,28,3,Wednesday,Wed,0,09 Jul 2008
20080710,2008-07-10,2008,3,Q3 2008,7,July,Jul,2008-07,28,4,Thursday,Thu,0,10 Jul 2008
20080711,2008-07-11,2008,3,Q3 2008,7,July,Jul,2008-07,28,5,Friday,Fri,0,11 Jul 2008
20080712,2008-07-12,2008,3,Q3 2008,7,July,Jul,2008-07,28,6,Saturday,Sat,1,12 Jul 2008
20080713,2008-07-13,2008,3,Q3 2008,7,July,Jul,2008-07,28,7,Sunday,Sun,1,13 Jul 2008
20080714,2008-07-14,2008,3,Q3 2008,7,July,Jul,2008-07,29,1,Monday,Mon,0,14 Jul 2008
20080715,2008-07-15,2008,3,Q3 2008,7,July,Jul,2008-07,29,2,Tuesday,Tue,0,15 Jul 2008
20080716,2008-07-16,2008,3,Q3 2008,7,July,Jul,2008-07,29,3,Wednesday,Wed,0,16 Jul 2008
20080717,2008-07-17,2008,3,Q3 2008,7,July,Jul,2008-07,29,4,Thursday,Thu,0,17 Jul 2008
20080718,2008-07-18,2008,3,Q3 2008,7,July,Jul,2008-07,29,5,Friday,Fri,0,18 Jul 2008
20080719,2008-07-19,2008,3,Q3 2008,7,July,Jul,2008-07,29,6,Saturday,Sat,1,19 Jul 2008
20080720,2008-07-20,2008,3,Q3 2008,7,July,Jul,2008-07,29,7,Sunday,Sun,1,20 Jul 2008
20080721,2008-07-21,2008,3,Q3 2008,7,July,Jul,2008-07,30,1,Monday,Mon,0,21 Jul 2008
20080722,2008-07-22,2008,3,Q3 2008,7,July,Jul,2008-07,30,2,Tuesday,Tue,0,22 Jul 2008
20080723,2008-07-23,2008,3,Q3 2008,7,July,Jul,2008-07,30,3,Wednesday,Wed,0,23 Jul 2008
20080724,2008-07-24,2008,3,Q3 2008,7,July,Jul,2008-07,30,4,Thursday,Thu,0,24 Jul 2008
20080725,2008-07-25,2008,3,Q3 2008,7,July,Jul,2008-07,30,5,Friday,Fri,0,25 Jul 2008
20080726,2008-07-26,2008,3,Q3 2008,7,July,Jul,2008-07,30,6,Saturday,Sat,1,26 Jul 2008
20080727,2008-07-27,2008,3,Q3 2008,7,July,Jul,2008-07,30,7,Sunday,Sun,1,27 Jul 2008
20080728,2008-07-28,2008,3,Q3 2008,7,July,Jul,2008-07,31,1,Monday,Mon,0,28 Jul 2008
20080729,2008-07-29,2008,3,Q3 2008,7,July,Jul,2008-07,31,2,Tuesday,Tue,0,29 Jul 2008
20080730,2008-07-30,2008,3,Q3 2008,7,July,Jul,2008-07,31,3,Wednesday,Wed,0,30 Jul 2008
20080731,2008-07-31,2008,3,Q3 2008,7,July,Jul,2008-07,31,4,Thursday,Thu,0,31 Jul 2008
20080801,2008-08-01,2008,3,Q3 2008,8,August,Aug,2008-08,31,5,Friday,Fri,0,01 Aug 2008
20080802,2008-08-02,2008,3,Q3 2008,8,August,Aug,2008-08,31,6,Saturday,Sat,1,02 Aug 2008
20080803,2008-08-03,2008,3,Q3 2008,8,August,Aug,2008-08,31,7,Sunday,Sun,1,03 Aug 2008
20080804,2008-08-04,2008,3,Q3 2008,8,August,Aug,2008-08,32,1,Monday,Mon,0,04 Aug 2008
20080805,2008-08-05,2008,3,Q3 2008,8,August,Aug,2008-08,32,2,Tuesday,Tue,0,05 Aug 2008
20080806,2008-08-06,2008,3,Q3 2008,8,August,Aug,2008-08,32,3,Wednesday,Wed,0,06 Aug 2008
20080807,2008-08-07,2008,3,Q3 2008,8,August,Aug,2008-08,32,4,Thursday,Thu,0,07 Aug 2008
20080808,2008-08-08,2008,3,Q3 2008,8,August,Aug,2008-08,32,5,Friday,Fri,0,08 Aug 2008
20080809,2008-08-09,2008,3,Q3 2008,8,August,Aug,2008-08,32,6,Saturday,Sat,1,09 Aug 2008
20080810,2008-08-10,2008,3,Q3 2008,8,August,Aug,2008-08,32,7,Sunday,Sun,1,10 Aug 2008
20080811,2008-08-11,2008,3,Q3 2008,8,August,Aug,2008-08,33,1,Monday,Mon,0,11 Aug 2008
20080812,2008-08-12,2008,3,Q3 2008,8,August,Aug,2008-08,33,2,Tuesday,Tue,0,12 Aug 2008
20080813,2008-08-13,2008,3,Q3 2008,8,August,Aug,2008-08,33,3,Wednesday,Wed,0,13 Aug 2008
20080814,2008-08-14,2008,3,Q3 2008,8,August,Aug,2008-08,33,4,Thursday,Thu,0,14 Aug 2008
20080815,2008-08-15,2008,3,Q3 2008,8,August,Aug,2008-08,33,5,Friday,Fri,0,15 Aug 2008
20080816,2008-08-16,2008,3,Q3 2008,8,August,Aug,2008-08,33,6,Saturday,Sat,1,16 Aug 2008
20080817,2008-08-17,2008,3,Q3 2008,8,August,Aug,2008-08,33,7,Sunday,Sun,1,17 Aug 2008
20080818,2008-08-18,2008,3,Q3 2008,8,August,Aug,2008-08,34,1,Monday,Mon,0,18 Aug 2008
20080819,2008-08-19,2008,3,Q3 2008,8,August,Aug,2008-08,34,2,Tuesday,Tue,0,19 Aug 2008
20080820,2008-08-20,2008,3,Q3 2008,8,August,Aug,2008-08,34,3,Wednesday,Wed,0,20 Aug 2008
20080821,2008-08-21,2008,3,Q3 2008,8,August,Aug,2008-08,34,4,Thursday,Thu,0,21 Aug 2008
20080822,2008-08-22,2008,3,Q3 2008,8,August,Aug,2008-08,34,5,Friday,Fri,0,22 Aug 2008
20080823,2008-08-23,2008,3,Q3 2008,8,August,Aug,2008-08,34,6,Saturday,Sat,1,23 Aug 2008
20080824,2008-08-24,2008,3,Q3 2008,8,August,Aug,2008-08,34,7,Sunday,Sun,1,24 Aug 2008
20080825,2008-08-25,2008,3,Q3 2008,8,August,Aug,2008-08,35,1,Monday,Mon,0,25 Aug 2008
20080826,2008-08-26,2008,3,Q3 2008,8,August,Aug,2008-08,35,2,Tuesday,Tue,0,26 Aug 2008
20080827,2008-08-27,2008,3,Q3 2008,8,August,Aug,2008-08,35,3,Wednesday,Wed,0,27 Aug 2008
20080828,2008-08-28,2008,3,Q3 2008,8,August,Aug,2008-08,35,4,Thursday,Thu,0,28 Aug 2008
20080829,2008-08-29,2008,3,Q3 2008,8,August,Aug,2008-08,35,5,Friday,Fri,0,29 Aug 2008
20080830,2008-08-30,2008,3,Q3 2008,8,August,Aug,2008-08,35,6,Saturday,Sat,1,30 Aug 2008
20080831,2008-08-31,2008,3,Q3 2008,8,August,Aug,2008-08,35,7,Sunday,Sun,1,31 Aug 2008
20080901,2008-09-01,2008,3,Q3 2008,9,September,Sep,2008-09,36,1,Monday,Mon,0,01 Sep 2008
20080902,2008-09-02,2008,3,Q3 2008,9,September,Sep,2008-09,36,2,Tuesday,Tue,0,02 Sep 2008
20080903,2008-09-03,2008,3,Q3 2008,9,September,Sep,2008-09,36,3,Wednesday,Wed,0,03 Sep 2008
20080904,2008-09-04,2008,3,Q3 2008,9,September,Sep,2008-09,36,4,Thursday,Thu,0,04 Sep 2008
20080905,2008-09-05,2008,3,Q3 2008,9,September,Sep,2008-09,36,5,Friday,Fri,0,05 Sep 2008
20080906,2008-09-06,2008,3,Q3 2008,9,September,Sep,2008-09,36,6,Saturday,Sat,1,06 Sep 2008
20080907,2008-09-07,2008,3,Q3 2008,9,September,Sep,2008-09,36,7,Sunday,Sun,1,07 Sep 2008
20080908,2008-09-08,2008,3,Q3 2008,9,September,Sep,2008-09,37,1,Monday,Mon,0,08 Sep 2008
20080909,2008-09-09,2008,3,Q3 2008,9,September,Sep,2008-09,37,2,Tuesday,Tue,0,09 Sep 2008
20080910,2008-09-10,2008,3,Q3 2008,9,September,Sep,2008-09,37,3,Wednesday,Wed,0,10 Sep 2008
20080911,2008-09-11,2008,3,Q3 2008,9,September,Sep,2008-09,37,4,Thursday,Thu,0,11 Sep 2008
20080912,2008-09-12,2008,3,Q3 2008,9,September,Sep,2008-09,37,5,Friday,Fri,0,12 Sep 2008
20080913,2008-09-13,2008,3,Q3 2008,9,September,Sep,2008-09,37,6,Saturday,Sat,1,13 Sep 2008
20080914,2008-09-14,2008,3,Q3 2008,9,September,Sep,2008-09,37,7,Sunday,Sun,1,14 Sep 2008
20080915,2008-09-15,2008,3,Q3 2008,9,September,Sep,2008-09,38,1,Monday,Mon,0,15 Sep 2008
20080916,2008-09-16,2008,3,Q3 2008,9,September,Sep,2008-09,38,2,Tuesday,Tue,0,16 Sep 2008
20080917,2008-09-17,2008,3,Q3 2008,9,September,Sep,2008-09,38,3,Wednesday,Wed,0,17 Sep 2008
20080918,2008-09-18,2008,3,Q3 2008,9,September,Sep,2008-09,38,4,Thursday,Thu,0,18 Sep 2008
20080919,2008-09-19,2008,3,Q3 2008,9,September,Sep,2008-09,38,5,Friday,Fri,0,19 Sep 2008
20080920,2008-09-20,2008,3,Q3 2008,9,September,Sep,2008-09,38,6,Saturday,Sat,1,20 Sep 2008
20080921,2008-09-21,2008,3,Q3 2008,9,September,Sep,2008-09,38,7,Sunday,Sun,1,21 Sep 2008
20080922,2008-09-22,2008,3,Q3 2008,9,September,Sep,2008-09,39,1,Monday,Mon,0,22 Sep 2008
20080923,2008-09-23,2008,3,Q3 2008,9,September,Sep,2008-09,39,2,Tuesday,Tue,0,23 Sep 2008
20080924,2008-09-24,2008,3,Q3 2008,9,September,Sep,2008-09,39,3,Wednesday,Wed,0,24 Sep 2008
20080925,2008-09-25,2008,3,Q3 2008,9,September,Sep,2008-09,39,4,Thursday,Thu,0,25 Sep 2008
20080926,2008-09-26,2008,3,Q3 2008,9,September,Sep,2008-09,39,5,Friday,Fri,0,26 Sep 2008
20080927,2008-09-27,2008,3,Q3 2008,9,September,Sep,2008-09,39,6,Saturday,Sat,1,27 Sep 2008
20080928,2008-09-28,2008,3,Q3 2008,9,September,Sep,2008-09,39,7,Sunday,Sun,1,28 Sep 2008
20080929,2008-09-29,2008,3,Q3 2008,9,September,Sep,2008-09,40,1,Monday,Mon,0,29 Sep 2008
20080930,2008-09-30,2008,3,Q3 2008,9,September,Sep,2008-09,40,2,Tuesday,Tue,0,30 Sep 2008
20081001,2008-10-01,2008,4,Q4 2008,10,October,Oct,2008-10,40,3,Wednesday,Wed,0,01 Oct 2008
20081002,2008-10-02,2008,4,Q4 2008,10,October,Oct,2008-10,40,4,Thursday,Thu,0,02 Oct 2008
20081003,2008-10-03,2008,4,Q4 2008,10,October,Oct,2008-10,40,5,Friday,Fri,0,03 Oct 2008
20081004,2008-10-04,2008,4,Q4 2008,10,October,Oct,2008-10,40,6,Saturday,Sat,1,04 Oct 2008
20081005,2008-10-05,2008,4,Q4 2008,10,October,Oct,2008-10,40,7,Sunday,Sun,1,05 Oct 2008
20081006,2008-10-06,2008,4,Q4 2008,10,October,Oct,2008-10,41,1,Monday,Mon,0,06 Oct 2008
20081007,2008-10-07,2008,4,Q4 2008,10,October,Oct,2008-10,41,2,Tuesday,Tue,0,07 Oct 2008
20081008,2008-10-08,2008,4,Q4 2008,10,October,Oct,2008-10,41,3,Wednesday,Wed,0,08 Oct 2008
20081009,2008-10-09,2008,4,Q4 2008,10,October,Oct,2008-10,41,4,Thursday,Thu,0,09 Oct 2008
20081010,2008-10-10,2008,4,Q4 2008,10,October,Oct,2008-10,41,5,Friday,Fri,0,10 Oct 2008
20081011,2008-10-11,2008,4,Q4 2008,10,October,Oct,2008-10,41,6,Saturday,Sat,1,11 Oct 2008
20081012,2008-10-12,2008,4,Q4 2008,10,October,Oct,2008-10,41,7,Sunday,Sun,1,12 Oct 2008
20081013,2008-10-13,2008,4,Q4 2008,10,October,Oct,2008-10,42,1,Monday,Mon,0,13 Oct 2008
20081014,2008-10-14,2008,4,Q4 2008,10,October,Oct,2008-10,42,2,Tuesday,Tue,0,14 Oct 2008
20081015,2008-10-15,2008,4,Q4 2008,10,October,Oct,2008-10,42,3,Wednesday,Wed,0,15 Oct 2008
20081016,2008-10-16,2008,4,Q4 2008,10,October,Oct,2008-10,42,4,Thursday,Thu,0,16 Oct 2008
20081017,2008-10-17,2008,4,Q4 2008,10,October,Oct,2008-10,42,5,Friday,Fri,0,17 Oct 2008
20081018,2008-10-18,2008,4,Q4 2008,10,October,Oct,2008-10,42,6,Saturday,Sat,1,18 Oct 2008
20081019,2008-10-19,2008,4,Q4 2008,10,October,Oct,2008-10,42,7,Sunday,Sun,1,19 Oct 2008
20081020,2008-10-20,2008,4,Q4 2008,10,October,Oct,2008-10,43,1,Monday,Mon,0,20 Oct 2008
20081021,2008-10-21,2008,4,Q4 2008,10,October,Oct,2008-10,43,2,Tuesday,Tue,0,21 Oct 2008
20081022,2008-10-22,2008,4,Q4 2008,10,October,Oct,2008-10,43,3,Wednesday,Wed,0,22 Oct 2008
20081023,2008-10-23,2008,4,Q4 2008,10,October,Oct,2008-10,43,4,Thursday,Thu,0,23 Oct 2008
20081024,2008-10-24,2008,4,Q4 2008,10,October,Oct,2008-10,43,5,Friday,Fri,0,24 Oct 2008
20081025,2008-10-25,2008,4,Q4 2008,10,October,Oct,2008-10,43,6,Saturday,Sat,1,25 Oct 2008
20081026,2008-10-26,2008,4,Q4 2008,10,October,Oct,2008-10,43,7,Sunday,Sun,1,26 Oct 2008
20081027,2008-10-27,2008,4,Q4 2008,10,October,Oct,2008-10,44,1,Monday,Mon,0,27 Oct 2008
20081028,2008-10-28,2008,4,Q4 2008,10,October,Oct,2008-10,44,2,Tuesday,Tue,0,28 Oct 2008
20081029,2008-10-29,2008,4,Q4 2008,10,October,Oct,2008-10,44,3,Wednesday,Wed,0,29 Oct 2008
20081030,2008-10-30,2008,4,Q4 2008,10,October,Oct,2008-10,44,4,Thursday,Thu,0,30 Oct 2008
20081031,2008-10-31,2008,4,Q4 2008,10,October,Oct,2008-10,44,5,Friday,Fri,0,31 Oct 2008
20081101,2008-11-01,2008,4,Q4 2008,11,November,Nov,2008-11,44,6,Saturday,Sat,1,01 Nov 2008
20081102,2008-11-02,2008,4,Q4 2008,11,November,Nov,2008-11,44,7,Sunday,Sun,1,02 Nov 2008
20081103,2008-11-03,2008,4,Q4 2008,11,November,Nov,2008-11,45,1,Monday,Mon,0,03 Nov 2008
20081104,2008-11-04,2008,4,Q4 2008,11,November,Nov,2008-11,45,2,Tuesday,Tue,0,04 Nov 2008
20081105,2008-11-05,2008,4,Q4 2008,11,November,Nov,2008-11,45,3,Wednesday,Wed,0,05 Nov 2008
20081106,2008-11-06,2008,4,Q4 2008,11,November,Nov,2008-11,45,4,Thursday,Thu,0,06 Nov 2008
20081107,2008-11-07,2008,4,Q4 2008,11,November,Nov,2008-11,45,5,Friday,Fri,0,07 Nov 2008
20081108,2008-11-08,2008,4,Q4 2008,11,November,Nov,2008-11,45,6,Saturday,Sat,1,08 Nov 2008
20081109,2008-11-09,2008,4,Q4 2008,11,November,Nov,2008-11,45,7,Sunday,Sun,1,09 Nov 2008
20081110,2008-11-10,2008,4,Q4 2008,11,November,Nov,2008-11,46,1,Monday,Mon,0,10 Nov 2008
20081111,2008-11-11,2008,4,Q4 2008,11,November,Nov,2008-11,46,2,Tuesday,Tue,0,11 Nov 2008
20081112,2008-11-12,2008,4,Q4 2008,11,November,Nov,2008-11,46,3,Wednesday,Wed,0,12 Nov 2008
20081113,2008-11-13,2008,4,Q4 2008,11,November,Nov,2008-11,46,4,Thursday,Thu,0,13 Nov 2008
20081114,2008-11-14,2008,4,Q4 2008,11,November,Nov,2008-11,46,5,Friday,Fri,0,14 Nov 2008
20081115,2008-11-15,2008,4,Q4 2008,11,November,Nov,2008-11,46,6,Saturday,Sat,1,15 Nov 2008
20081116,2008-11-16,2008,4,Q4 2008,11,November,Nov,2008-11,46,7,Sunday,Sun,1,16 Nov 2008
20081117,2008-11-17,2008,4,Q4 2008,11,November,Nov,2008-11,47,1,Monday,Mon,0,17 Nov 2008
20081118,2008-11-18,2008,4,Q4 2008,11,November,Nov,2008-11,47,2,Tuesday,Tue,0,18 Nov 2008
20081119,2008-11-19,2008,4,Q4 2008,11,November,Nov,2008-11,47,3,Wednesday,Wed,0,19 Nov 2008
20081120,2008-11-20,2008,4,Q4 2008,11,November,Nov,2008-11,47,4,Thursday,Thu,0,20 Nov 2008
20081121,2008-11-21,2008,4,Q4 2008,11,November,Nov,2008-11,47,5,Friday,Fri,0,21 Nov 2008
20081122,2008-11-22,2008,4,Q4 2008,11,November,Nov,2008-11,47,6,Saturday,Sat,1,22 Nov 2008
20081123,2008-11-23,2008,4,Q4 2008,11,November,Nov,2008-11,47,7,Sunday,Sun,1,23 Nov 2008
20081124,2008-11-24,2008,4,Q4 2008,11,November,Nov,2008-11,48,1,Monday,Mon,0,24 Nov 2008
20081125,2008-11-25,2008,4,Q4 2008,11,November,Nov,2008-11,48,2,Tuesday,Tue,0,25 Nov 2008
20081126,2008-11-26,2008,4,Q4 2008,11,November,Nov,2008-11,48,3,Wednesday,Wed,0,26 Nov 2008
20081127,2008-11-27,2008,4,Q4 2008,11,November,Nov,2008-11,48,4,Thursday,Thu,0,27 Nov 2008
20081128,2008-11-28,2008,4,Q4 2008,11,November,Nov,2008-11,48,5,Friday,Fri,0,28 Nov 2008
20081129,2008-11-29,2008,4,Q4 2008,11,November,Nov,2008-11,48,6,Saturday,Sat,1,29 Nov 2008
20081130,2008-11-30,2008,4,Q4 2008,11,November,Nov,2008-11,48,7,Sunday,Sun,1,30 Nov 2008
20081201,2008-12-01,2008,4,Q4 2008,12,December,Dec,2008-12,49,1,Monday,Mon,0,01 Dec 2008
20081202,2008-12-02,2008,4,Q4 2008,12,December,Dec,2008-12,49,2,Tuesday,Tue,0,02 Dec 2008
20081203,2008-12-03,2008,4,Q4 2008,12,December,Dec,2008-12,49,3,Wednesday,Wed,0,03 Dec 2008
20081204,2008-12-04,2008,4,Q4 2008,12,December,Dec,2008-12,49,4,Thursday,Thu,0,04 Dec 2008
20081205,2008-12-05,2008,4,Q4 2008,12,December,Dec,2008-12,49,5,Friday,Fri,0,05 Dec 2008
20081206,2008-12-06,2008,4,Q4 2008,12,December,Dec,2008-12,49,6,Saturday,Sat,1,06 Dec 2008
20081207,2008-12-07,2008,4,Q4 2008,12,December,Dec,2008-12,49,7,Sunday,Sun,1,07 Dec 2008
20081208,2008-12-08,2008,4,Q4 2008,12,December,Dec,2008-12,50,1,Monday,Mon,0,08 Dec 2008
20081209,2008-12-09,2008,4,Q4 2008,12,December,Dec,2008-12,50,2,Tuesday,Tue,0,09 Dec 2008
20081210,2008-12-10,2008,4,Q4 2008,12,December,Dec,2008-12,50,3,Wednesday,Wed,0,10 Dec 2008
20081211,2008-12-11,2008,4,Q4 2008,12,December,Dec,2008-12,50,4,Thursday,Thu,0,11 Dec 2008
20081212,2008-12-12,2008,4,Q4 2008,12,December,Dec,2008-12,50,5,Friday,Fri,0,12 Dec 2008
20081213,2008-12-13,2008,4,Q4 2008,12,December,Dec,2008-12,50,6,Saturday,Sat,1,13 Dec 2008
20081214,2008-12-14,2008,4,Q4 2008,12,December,Dec,2008-12,50,7,Sunday,Sun,1,14 Dec 2008
20081215,2008-12-15,2008,4,Q4 2008,12,December,Dec,2008-12,51,1,Monday,Mon,0,15 Dec 2008
20081216,2008-12-16,2008,4,Q4 2008,12,December,Dec,2008-12,51,2,Tuesday,Tue,0,16 Dec 2008
20081217,2008-12-17,2008,4,Q4 2008,12,December,Dec,2008-12,51,3,Wednesday,Wed,0,17 Dec 2008
20081218,2008-12-18,2008,4,Q4 2008,12,December,Dec,2008-12,51,4,Thursday,Thu,0,18 Dec 2008
20081219,2008-12-19,2008,4,Q4 2008,12,December,Dec,2008-12,51,5,Friday,Fri,0,19 Dec 2008
20081220,2008-12-20,2008,4,Q4 2008,12,December,Dec,2008-12,51,6,Saturday,Sat,1,20 Dec 2008
20081221,2008-12-21,2008,4,Q4 2008,12,December,Dec,2008-12,51,7,Sunday,Sun,1,21 Dec 2008
20081222,2008-12-22,2008,4,Q4 2008,12,December,Dec,2008-12,52,1,Monday,Mon,0,22 Dec 2008
20081223,2008-12-23,2008,4,Q4 2008,12,December,Dec,2008-12,52,2,Tuesday,Tue,0,23 Dec 2008
20081224,2008-12-24,2008,4,Q4 2008,12,December,Dec,2008-12,52,3,Wednesday,Wed,0,24 Dec 2008
20081225,2008-12-25,2008,4,Q4 2008,12,December,Dec,2008-12,52,4,Thursday,Thu,0,25 Dec 2008
20081226,2008-12-26,2008,4,Q4 2008,12,December,Dec,2008-12,52,5,Friday,Fri,0,26 Dec 2008
20081227,2008-12-27,2008,4,Q4 2008,12,December,Dec,2008-12,52,6,Saturday,Sat,1,27 Dec 2008
20081228,2008-12-28,2008,4,Q4 2008,12,December,Dec,2008-12,52,7,Sunday,Sun,1,28 Dec 2008
20081229,2008-12-29,2008,4,Q4 2008,12,December,Dec,2008-12,1,1,Monday,Mon,0,29 Dec 2008
20081230,2008-12-30,2008,4,Q4 2008,12,December,Dec,2008-12,1,2,Tuesday,Tue,0,30 Dec 2008
20081231,2008-12-31,2008,4,Q4 2008,12,December,Dec,2008-12,1,3,Wednesday,Wed,0,31 Dec 2008
20090101,2009-01-01,2009,1,Q1 2009,1,January,Jan,2009-01,1,4,Thursday,Thu,0,01 Jan 2009
20090102,2009-01-02,2009,1,Q1 2009,1,January,Jan,2009-01,1,5,Friday,Fri,0,02 Jan 2009
20090103,2009-01-03,2009,1,Q1 2009,1,January,Jan,2009-01,1,6,Saturday,Sat,1,03 Jan 2009
20090104,2009-01-04,2009,1,Q1 2009,1,January,Jan,2009-01,1,7,Sunday,Sun,1,04 Jan 2009
20090105,2009-01-05,2009,1,Q1 2009,1,January,Jan,2009-01,2,1,Monday,Mon,0,05 Jan 2009
20090106,2009-01-06,2009,1,Q1 2009,1,January,Jan,2009-01,2,2,Tuesday,Tue,0,06 Jan 2009
20090107,2009-01-07,2009,1,Q1 2009,1,January,Jan,2009-01,2,3,Wednesday,Wed,0,07 Jan 2009
20090108,2009-01-08,2009,1,Q1 2009,1,January,Jan,2009-01,2,4,Thursday,Thu,0,08 Jan 2009
20090109,2009-01-09,2009,1,Q1 2009,1,January,Jan,2009-01,2,5,Friday,Fri,0,09 Jan 2009
20090110,2009-01-10,2009,1,Q1 2009,1,January,Jan,2009-01,2,6,Saturday,Sat,1,10 Jan 2009
20090111,2009-01-11,2009,1,Q1 2009,1,January,Jan,2009-01,2,7,Sunday,Sun,1,11 Jan 2009
20090112,2009-01-12,2009,1,Q1 2009,1,January,Jan,2009-01,3,1,Monday,Mon,0,12 Jan 2009
20090113,2009-01-13,2009,1,Q1 2009,1,January,Jan,2009-01,3,2,Tuesday,Tue,0,13 Jan 2009
20090114,2009-01-14,2009,1,Q1 2009,1,January,Jan,2009-01,3,3,Wednesday,Wed,0,14 Jan 2009
20090115,2009-01-15,2009,1,Q1 2009,1,January,Jan,2009-01,3,4,Thursday,Thu,0,15 Jan 2009
20090116,2009-01-16,2009,1,Q1 2009,1,January,Jan,2009-01,3,5,Friday,Fri,0,16 Jan 2009
20090117,2009-01-17,2009,1,Q1 2009,1,January,Jan,2009-01,3,6,Saturday,Sat,1,17 Jan 2009
20090118,2009-01-18,2009,1,Q1 2009,1,January,Jan,2009-01,3,7,Sunday,Sun,1,18 Jan 2009
20090119,2009-01-19,2009,1,Q1 2009,1,January,Jan,2009-01,4,1,Monday,Mon,0,19 Jan 2009
20090120,2009-01-20,2009,1,Q1 2009,1,January,Jan,2009-01,4,2,Tuesday,Tue,0,20 Jan 2009
20090121,2009-01-21,2009,1,Q1 2009,1,January,Jan,2009-01,4,3,Wednesday,Wed,0,21 Jan 2009
20090122,2009-01-22,2009,1,Q1 2009,1,January,Jan,2009-01,4,4,Thursday,Thu,0,22 Jan 2009
20090123,2009-01-23,2009,1,Q1 2009,1,January,Jan,2009-01,4,5,Friday,Fri,0,23 Jan 2009
20090124,2009-01-24,2009,1,Q1 2009,1,January,Jan,2009-01,4,6,Saturday,Sat,1,24 Jan 2009
20090125,2009-01-25,2009,1,Q1 2009,1,January,Jan,2009-01,4,7,Sunday,Sun,1,25 Jan 2009
20090126,2009-01-26,2009,1,Q1 2009,1,January,Jan,2009-01,5,1,Monday,Mon,0,26 Jan 2009
20090127,2009-01-27,2009,1,Q1 2009,1,January,Jan,2009-01,5,2,Tuesday,Tue,0,27 Jan 2009
20090128,2009-01-28,2009,1,Q1 2009,1,January,Jan,2009-01,5,3,Wednesday,Wed,0,28 Jan 2009
20090129,2009-01-29,2009,1,Q1 2009,1,January,Jan,2009-01,5,4,Thursday,Thu,0,29 Jan 2009
20090130,2009-01-30,2009,1,Q1 2009,1,January,Jan,2009-01,5,5,Friday,Fri,0,30 Jan 2009
20090131,2009-01-31,2009,1,Q1 2009,1,January,Jan,2009-01,5,6,Saturday,Sat,1,31 Jan 2009
20090201,2009-02-01,2009,1,Q1 2009,2,February,Feb,2009-02,5,7,Sunday,Sun,1,01 Feb 2009
20090202,2009-02-02,2009,1,Q1 2009,2,February,Feb,2009-02,6,1,Monday,Mon,0,02 Feb 2009
20090203,2009-02-03,2009,1,Q1 2009,2,February,Feb,2009-02,6,2,Tuesday,Tue,0,03 Feb 2009
20090204,2009-02-04,2009,1,Q1 2009,2,February,Feb,2009-02,6,3,Wednesday,Wed,0,04 Feb 2009
20090205,2009-02-05,2009,1,Q1 2009,2,February,Feb,2009-02,6,4,Thursday,Thu,0,05 Feb 2009
20090206,2009-02-06,2009,1,Q1 2009,2,February,Feb,2009-02,6,5,Friday,Fri,0,06 Feb 2009
20090207,2009-02-07,2009,1,Q1 2009,2,February,Feb,2009-02,6,6,Saturday,Sat,1,07 Feb 2009
20090208,2009-02-08,2009,1,Q1 2009,2,February,Feb,2009-02,6,7,Sunday,Sun,1,08 Feb 2009
20090209,2009-02-09,2009,1,Q1 2009,2,February,Feb,2009-02,7,1,Monday,Mon,0,09 Feb 2009
20090210,2009-02-10,2009,1,Q1 2009,2,February,Feb,2009-02,7,2,Tuesday,Tue,0,10 Feb 2009
20090211,2009-02-11,2009,1,Q1 2009,2,February,Feb,2009-02,7,3,Wednesday,Wed,0,11 Feb 2009
20090212,2009-02-12,2009,1,Q1 2009,2,February,Feb,2009-02,7,4,Thursday,Thu,0,12 Feb 2009
20090213,2009-02-13,2009,1,Q1 2009,2,February,Feb,2009-02,7,5,Friday,Fri,0,13 Feb 2009
20090214,2009-02-14,2009,1,Q1 2009,2,February,Feb,2009-02,7,6,Saturday,Sat,1,14 Feb 2009
20090215,2009-02-15,2009,1,Q1 2009,2,February,Feb,2009-02,7,7,Sunday,Sun,1,15 Feb 2009
20090216,2009-02-16,2009,1,Q1 2009,2,February,Feb,2009-02,8,1,Monday,Mon,0,16 Feb 2009
20090217,2009-02-17,2009,1,Q1 2009,2,February,Feb,2009-02,8,2,Tuesday,Tue,0,17 Feb 2009
20090218,2009-02-18,2009,1,Q1 2009,2,February,Feb,2009-02,8,3,Wednesday,Wed,0,18 Feb 2009
20090219,2009-02-19,2009,1,Q1 2009,2,February,Feb,2009-02,8,4,Thursday,Thu,0,19 Feb 2009
20090220,2009-02-20,2009,1,Q1 2009,2,February,Feb,2009-02,8,5,Friday,Fri,0,20 Feb 2009
20090221,2009-02-21,2009,1,Q1 2009,2,February,Feb,2009-02,8,6,Saturday,Sat,1,21 Feb 2009
20090222,2009-02-22,2009,1,Q1 2009,2,February,Feb,2009-02,8,7,Sunday,Sun,1,22 Feb 2009
20090223,2009-02-23,2009,1,Q1 2009,2,February,Feb,2009-02,9,1,Monday,Mon,0,23 Feb 2009
20090224,2009-02-24,2009,1,Q1 2009,2,February,Feb,2009-02,9,2,Tuesday,Tue,0,24 Feb 2009
20090225,2009-02-25,2009,1,Q1 2009,2,February,Feb,2009-02,9,3,Wednesday,Wed,0,25 Feb 2009
20090226,2009-02-26,2009,1,Q1 2009,2,February,Feb,2009-02,9,4,Thursday,Thu,0,26 Feb 2009
20090227,2009-02-27,2009,1,Q1 2009,2,February,Feb,2009-02,9,5,Friday,Fri,0,27 Feb 2009
20090228,2009-02-28,2009,1,Q1 2009,2,February,Feb,2009-02,9,6,Saturday,Sat,1,28 Feb 2009
20090301,2009-03-01,2009,1,Q1 2009,3,March,Mar,2009-03,9,7,Sunday,Sun,1,01 Mar 2009
20090302,2009-03-02,2009,1,Q1 2009,3,March,Mar,2009-03,10,1,Monday,Mon,0,02 Mar 2009
20090303,2009-03-03,2009,1,Q1 2009,3,March,Mar,2009-03,10,2,Tuesday,Tue,0,03 Mar 2009
20090304,2009-03-04,2009,1,Q1 2009,3,March,Mar,2009-03,10,3,Wednesday,Wed,0,04 Mar 2009
20090305,2009-03-05,2009,1,Q1 2009,3,March,Mar,2009-03,10,4,Thursday,Thu,0,05 Mar 2009
20090306,2009-03-06,2009,1,Q1 2009,3,March,Mar,2009-03,10,5,Friday,Fri,0,06 Mar 2009
20090307,2009-03-07,2009,1,Q1 2009,3,March,Mar,2009-03,10,6,Saturday,Sat,1,07 Mar 2009
20090308,2009-03-08,2009,1,Q1 2009,3,March,Mar,2009-03,10,7,Sunday,Sun,1,08 Mar 2009
20090309,2009-03-09,2009,1,Q1 2009,3,March,Mar,2009-03,11,1,Monday,Mon,0,09 Mar 2009
20090310,2009-03-10,2009,1,Q1 2009,3,March,Mar,2009-03,11,2,Tuesday,Tue,0,10 Mar 2009
20090311,2009-03-11,2009,1,Q1 2009,3,March,Mar,2009-03,11,3,Wednesday,Wed,0,11 Mar 2009
20090312,2009-03-12,2009,1,Q1 2009,3,March,Mar,2009-03,11,4,Thursday,Thu,0,12 Mar 2009
20090313,2009-03-13,2009,1,Q1 2009,3,March,Mar,2009-03,11,5,Friday,Fri,0,13 Mar 2009
20090314,2009-03-14,2009,1,Q1 2009,3,March,Mar,2009-03,11,6,Saturday,Sat,1,14 Mar 2009
20090315,2009-03-15,2009,1,Q1 2009,3,March,Mar,2009-03,11,7,Sunday,Sun,1,15 Mar 2009
20090316,2009-03-16,2009,1,Q1 2009,3,March,Mar,2009-03,12,1,Monday,Mon,0,16 Mar 2009
20090317,2009-03-17,2009,1,Q1 2009,3,March,Mar,2009-03,12,2,Tuesday,Tue,0,17 Mar 2009
20090318,2009-03-18,2009,1,Q1 2009,3,March,Mar,2009-03,12,3,Wednesday,Wed,0,18 Mar 2009
20090319,2009-03-19,2009,1,Q1 2009,3,March,Mar,2009-03,12,4,Thursday,Thu,0,19 Mar 2009
20090320,2009-03-20,2009,1,Q1 2009,3,March,Mar,2009-03,12,5,Friday,Fri,0,20 Mar 2009
20090321,2009-03-21,2009,1,Q1 2009,3,March,Mar,2009-03,12,6,Saturday,Sat,1,21 Mar 2009
20090322,2009-03-22,2009,1,Q1 2009,3,March,Mar,2009-03,12,7,Sunday,Sun,1,22 Mar 2009
20090323,2009-03-23,2009,1,Q1 2009,3,March,Mar,2009-03,13,1,Monday,Mon,0,23 Mar 2009
20090324,2009-03-24,2009,1,Q1 2009,3,March,Mar,2009-03,13,2,Tuesday,Tue,0,24 Mar 2009
20090325,2009-03-25,2009,1,Q1 2009,3,March,Mar,2009-03,13,3,Wednesday,Wed,0,25 Mar 2009
20090326,2009-03-26,2009,1,Q1 2009,3,March,Mar,2009-03,13,4,Thursday,Thu,0,26 Mar 2009
20090327,2009-03-27,2009,1,Q1 2009,3,March,Mar,2009-03,13,5,Friday,Fri,0,27 Mar 2009
20090328,2009-03-28,2009,1,Q1 2009,3,March,Mar,2009-03,13,6,Saturday,Sat,1,28 Mar 2009
20090329,2009-03-29,2009,1,Q1 2009,3,March,Mar,2009-03,13,7,Sunday,Sun,1,29 Mar 2009
20090330,2009-03-30,2009,1,Q1 2009,3,March,Mar,2009-03,14,1,Monday,Mon,0,30 Mar 2009
20090331,2009-03-31,2009,1,Q1 2009,3,March,Mar,2009-03,14,2,Tuesday,Tue,0,31 Mar 2009
20090401,2009-04-01,2009,2,Q2 2009,4,April,Apr,2009-04,14,3,Wednesday,Wed,0,01 Apr 2009
20090402,2009-04-02,2009,2,Q2 2009,4,April,Apr,2009-04,14,4,Thursday,Thu,0,02 Apr 2009
20090403,2009-04-03,2009,2,Q2 2009,4,April,Apr,2009-04,14,5,Friday,Fri,0,03 Apr 2009
20090404,2009-04-04,2009,2,Q2 2009,4,April,Apr,2009-04,14,6,Saturday,Sat,1,04 Apr 2009
20090405,2009-04-05,2009,2,Q2 2009,4,April,Apr,2009-04,14,7,Sunday,Sun,1,05 Apr 2009
20090406,2009-04-06,2009,2,Q2 2009,4,April,Apr,2009-04,15,1,Monday,Mon,0,06 Apr 2009
20090407,2009-04-07,2009,2,Q2 2009,4,April,Apr,2009-04,15,2,Tuesday,Tue,0,07 Apr 2009
20090408,2009-04-08,2009,2,Q2 2009,4,April,Apr,2009-04,15,3,Wednesday,Wed,0,08 Apr 2009
20090409,2009-04-09,2009,2,Q2 2009,4,April,Apr,2009-04,15,4,Thursday,Thu,0,09 Apr 2009
20090410,2009-04-10,2009,2,Q2 2009,4,April,Apr,2009-04,15,5,Friday,Fri,0,10 Apr 2009
20090411,2009-04-11,2009,2,Q2 2009,4,April,Apr,2009-04,15,6,Saturday,Sat,1,11 Apr 2009
20090412,2009-04-12,2009,2,Q2 2009,4,April,Apr,2009-04,15,7,Sunday,Sun,1,12 Apr 2009
20090413,2009-04-13,2009,2,Q2 2009,4,April,Apr,2009-04,16,1,Monday,Mon,0,13 Apr 2009
20090414,2009-04-14,2009,2,Q2 2009,4,April,Apr,2009-04,16,2,Tuesday,Tue,0,14 Apr 2009
20090415,2009-04-15,2009,2,Q2 2009,4,April,Apr,2009-04,16,3,Wednesday,Wed,0,15 Apr 2009
20090416,2009-04-16,2009,2,Q2 2009,4,April,Apr,2009-04,16,4,Thursday,Thu,0,16 Apr 2009
20090417,2009-04-17,2009,2,Q2 2009,4,April,Apr,2009-04,16,5,Friday,Fri,0,17 Apr 2009
20090418,2009-04-18,2009,2,Q2 2009,4,April,Apr,2009-04,16,6,Saturday,Sat,1,18 Apr 2009
20090419,2009-04-19,2009,2,Q2 2009,4,April,Apr,2009-04,16,7,Sunday,Sun,1,19 Apr 2009
20090420,2009-04-20,2009,2,Q2 2009,4,April,Apr,2009-04,17,1,Monday,Mon,0,20 Apr 2009
20090421,2009-04-21,2009,2,Q2 2009,4,April,Apr,2009-04,17,2,Tuesday,Tue,0,21 Apr 2009
20090422,2009-04-22,2009,2,Q2 2009,4,April,Apr,2009-04,17,3,Wednesday,Wed,0,22 Apr 2009
20090423,2009-04-23,2009,2,Q2 2009,4,April,Apr,2009-04,17,4,Thursday,Thu,0,23 Apr 2009
20090424,2009-04-24,2009,2,Q2 2009,4,April,Apr,2009-04,17,5,Friday,Fri,0,24 Apr 2009
20090425,2009-04-25,2009,2,Q2 2009,4,April,Apr,2009-04,17,6,Saturday,Sat,1,25 Apr 2009
20090426,2009-04-26,2009,2,Q2 2009,4,April,Apr,2009-04,17,7,Sunday,Sun,1,26 Apr 2009
20090427,2009-04-27,2009,2,Q2 2009,4,April,Apr,2009-04,18,1,Monday,Mon,0,27 Apr 2009
20090428,2009-04-28,2009,2,Q2 2009,4,April,Apr,2009-04,18,2,Tuesday,Tue,0,28 Apr 2009
20090429,2009-04-29,2009,2,Q2 2009,4,April,Apr,2009-04,18,3,Wednesday,Wed,0,29 Apr 2009
20090430,2009-04-30,2009,2,Q2 2009,4,April,Apr,2009-04,18,4,Thursday,Thu,0,30 Apr 2009
20090501,2009-05-01,2009,2,Q2 2009,5,May,May,2009-05,18,5,Friday,Fri,0,01 May 2009
20090502,2009-05-02,2009,2,Q2 2009,5,May,May,2009-05,18,6,Saturday,Sat,1,02 May 2009
20090503,2009-05-03,2009,2,Q2 2009,5,May,May,2009-05,18,7,Sunday,Sun,1,03 May 2009
20090504,2009-05-04,2009,2,Q2 2009,5,May,May,2009-05,19,1,Monday,Mon,0,04 May 2009
20090505,2009-05-05,2009,2,Q2 2009,5,May,May,2009-05,19,2,Tuesday,Tue,0,05 May 2009
20090506,2009-05-06,2009,2,Q2 2009,5,May,May,2009-05,19,3,Wednesday,Wed,0,06 May 2009
20090507,2009-05-07,2009,2,Q2 2009,5,May,May,2009-05,19,4,Thursday,Thu,0,07 May 2009
20090508,2009-05-08,2009,2,Q2 2009,5,May,May,2009-05,19,5,Friday,Fri,0,08 May 2009
20090509,2009-05-09,2009,2,Q2 2009,5,May,May,2009-05,19,6,Saturday,Sat,1,09 May 2009
20090510,2009-05-10,2009,2,Q2 2009,5,May,May,2009-05,19,7,Sunday,Sun,1,10 May 2009
20090511,2009-05-11,2009,2,Q2 2009,5,May,May,2009-05,20,1,Monday,Mon,0,11 May 2009
20090512,2009-05-12,2009,2,Q2 2009,5,May,May,2009-05,20,2,Tuesday,Tue,0,12 May 2009
20090513,2009-05-13,2009,2,Q2 2009,5,May,May,2009-05,20,3,Wednesday,Wed,0,13 May 2009
20090514,2009-05-14,2009,2,Q2 2009,5,May,May,2009-05,20,4,Thursday,Thu,0,14 May 2009
20090515,2009-05-15,2009,2,Q2 2009,5,May,May,2009-05,20,5,Friday,Fri,0,15 May 2009
20090516,2009-05-16,2009,2,Q2 2009,5,May,May,2009-05,20,6,Saturday,Sat,1,16 May 2009
20090517,2009-05-17,2009,2,Q2 2009,5,May,May,2009-05,20,7,Sunday,Sun,1,17 May 2009
20090518,2009-05-18,2009,2,Q2 2009,5,May,May,2009-05,21,1,Monday,Mon,0,18 May 2009
20090519,2009-05-19,2009,2,Q2 2009,5,May,May,2009-05,21,2,Tuesday,Tue,0,19 May 2009
20090520,2009-05-20,2009,2,Q2 2009,5,May,May,2009-05,21,3,Wednesday,Wed,0,20 May 2009
20090521,2009-05-21,2009,2,Q2 2009,5,May,May,2009-05,21,4,Thursday,Thu,0,21 May 2009
20090522,2009-05-22,2009,2,Q2 2009,5,May,May,2009-05,21,5,Friday,Fri,0,22 May 2009
20090523,2009-05-23,2009,2,Q2 2009,5,May,May,2009-05,21,6,Saturday,Sat,1,23 May 2009
20090524,2009-05-24,2009,2,Q2 2009,5,May,May,2009-05,21,7,Sunday,Sun,1,24 May 2009
20090525,2009-05-25,2009,2,Q2 2009,5,May,May,2009-05,22,1,Monday,Mon,0,25 May 2009
20090526,2009-05-26,2009,2,Q2 2009,5,May,May,2009-05,22,2,Tuesday,Tue,0,26 May 2009
20090527,2009-05-27,2009,2,Q2 2009,5,May,May,2009-05,22,3,Wednesday,Wed,0,27 May 2009
20090528,2009-05-28,2009,2,Q2 2009,5,May,May,2009-05,22,4,Thursday,Thu,0,28 May 2009
20090529,2009-05-29,2009,2,Q2 2009,5,May,May,2009-05,22,5,Friday,Fri,0,29 May 2009
20090530,2009-05-30,2009,2,Q2 2009,5,May,May,2009-05,22,6,Saturday,Sat,1,30 May 2009
20090531,2009-05-31,2009,2,Q2 2009,5,May,May,2009-05,22,7,Sunday,Sun,1,31 May 2009
20090601,2009-06-01,2009,2,Q2 2009,6,June,Jun,2009-06,23,1,Monday,Mon,0,01 Jun 2009
20090602,2009-06-02,2009,2,Q2 2009,6,June,Jun,2009-06,23,2,Tuesday,Tue,0,02 Jun 2009
20090603,2009-06-03,2009,2,Q2 2009,6,June,Jun,2009-06,23,3,Wednesday,Wed,0,03 Jun 2009
20090604,2009-06-04,2009,2,Q2 2009,6,June,Jun,2009-06,23,4,Thursday,Thu,0,04 Jun 2009
20090605,2009-06-05,2009,2,Q2 2009,6,June,Jun,2009-06,23,5,Friday,Fri,0,05 Jun 2009
20090606,2009-06-06,2009,2,Q2 2009,6,June,Jun,2009-06,23,6,Saturday,Sat,1,06 Jun 2009
20090607,2009-06-07,2009,2,Q2 2009,6,June,Jun,2009-06,23,7,Sunday,Sun,1,07 Jun 2009
20090608,2009-06-08,2009,2,Q2 2009,6,June,Jun,2009-06,24,1,Monday,Mon,0,08 Jun 2009
20090609,2009-06-09,2009,2,Q2 2009,6,June,Jun,2009-06,24,2,Tuesday,Tue,0,09 Jun 2009
20090610,2009-06-10,2009,2,Q2 2009,6,June,Jun,2009-06,24,3,Wednesday,Wed,0,10 Jun 2009
20090611,2009-06-11,2009,2,Q2 2009,6,June,Jun,2009-06,24,4,Thursday,Thu,0,11 Jun 2009
20090612,2009-06-12,2009,2,Q2 2009,6,June,Jun,2009-06,24,5,Friday,Fri,0,12 Jun 2009
20090613,2009-06-13,2009,2,Q2 2009,6,June,Jun,2009-06,24,6,Saturday,Sat,1,13 Jun 2009
20090614,2009-06-14,2009,2,Q2 2009,6,June,Jun,2009-06,24,7,Sunday,Sun,1,14 Jun 2009
20090615,2009-06-15,2009,2,Q2 2009,6,June,Jun,2009-06,25,1,Monday,Mon,0,15 Jun 2009
20090616,2009-06-16,2009,2,Q2 2009,6,June,Jun,2009-06,25,2,Tuesday,Tue,0,16 Jun 2009
20090617,2009-06-17,2009,2,Q2 2009,6,June,Jun,2009-06,25,3,Wednesday,Wed,0,17 Jun 2009
20090618,2009-06-18,2009,2,Q2 2009,6,June,Jun,2009-06,25,4,Thursday,Thu,0,18 Jun 2009
20090619,2009-06-19,2009,2,Q2 2009,6,June,Jun,2009-06,25,5,Friday,Fri,0,19 Jun 2009
20090620,2009-06-20,2009,2,Q2 2009,6,June,Jun,2009-06,25,6,Saturday,Sat,1,20 Jun 2009
20090621,2009-06-21,2009,2,Q2 2009,6,June,Jun,2009-06,25,7,Sunday,Sun,1,21 Jun 2009
20090622,2009-06-22,2009,2,Q2 2009,6,June,Jun,2009-06,26,1,Monday,Mon,0,22 Jun 2009
20090623,2009-06-23,2009,2,Q2 2009,6,June,Jun,2009-06,26,2,Tuesday,Tue,0,23 Jun 2009
20090624,2009-06-24,2009,2,Q2 2009,6,June,Jun,2009-06,26,3,Wednesday,Wed,0,24 Jun 2009
20090625,2009-06-25,2009,2,Q2 2009,6,June,Jun,2009-06,26,4,Thursday,Thu,0,25 Jun 2009
20090626,2009-06-26,2009,2,Q2 2009,6,June,Jun,2009-06,26,5,Friday,Fri,0,26 Jun 2009
20090627,2009-06-27,2009,2,Q2 2009,6,June,Jun,2009-06,26,6,Saturday,Sat,1,27 Jun 2009
20090628,2009-06-28,2009,2,Q2 2009,6,June,Jun,2009-06,26,7,Sunday,Sun,1,28 Jun 2009
20090629,2009-06-29,2009,2,Q2 2009,6,June,Jun,2009-06,27,1,Monday,Mon,0,29 Jun 2009
20090630,2009-06-30,2009,2,Q2 2009,6,June,Jun,2009-06,27,2,Tuesday,Tue,0,30 Jun 2009
20090701,2009-07-01,2009,3,Q3 2009,7,July,Jul,2009-07,27,3,Wednesday,Wed,0,01 Jul 2009
20090702,2009-07-02,2009,3,Q3 2009,7,July,Jul,2009-07,27,4,Thursday,Thu,0,02 Jul 2009
20090703,2009-07-03,2009,3,Q3 2009,7,July,Jul,2009-07,27,5,Friday,Fri,0,03 Jul 2009
20090704,2009-07-04,2009,3,Q3 2009,7,July,Jul,2009-07,27,6,Saturday,Sat,1,04 Jul 2009
20090705,2009-07-05,2009,3,Q3 2009,7,July,Jul,2009-07,27,7,Sunday,Sun,1,05 Jul 2009
20090706,2009-07-06,2009,3,Q3 2009,7,July,Jul,2009-07,28,1,Monday,Mon,0,06 Jul 2009
20090707,2009-07-07,2009,3,Q3 2009,7,July,Jul,2009-07,28,2,Tuesday,Tue,0,07 Jul 2009
20090708,2009-07-08,2009,3,Q3 2009,7,July,Jul,2009-07,28,3,Wednesday,Wed,0,08 Jul 2009
20090709,2009-07-09,2009,3,Q3 2009,7,July,Jul,2009-07,28,4,Thursday,Thu,0,09 Jul 2009
20090710,2009-07-10,2009,3,Q3 2009,7,July,Jul,2009-07,28,5,Friday,Fri,0,10 Jul 2009
20090711,2009-07-11,2009,3,Q3 2009,7,July,Jul,2009-07,28,6,Saturday,Sat,1,11 Jul 2009
20090712,2009-07-12,2009,3,Q3 2009,7,July,Jul,2009-07,28,7,Sunday,Sun,1,12 Jul 2009
20090713,2009-07-13,2009,3,Q3 2009,7,July,Jul,2009-07,29,1,Monday,Mon,0,13 Jul 2009
20090714,2009-07-14,2009,3,Q3 2009,7,July,Jul,2009-07,29,2,Tuesday,Tue,0,14 Jul 2009
20090715,2009-07-15,2009,3,Q3 2009,7,July,Jul,2009-07,29,3,Wednesday,Wed,0,15 Jul 2009
20090716,2009-07-16,2009,3,Q3 2009,7,July,Jul,2009-07,29,4,Thursday,Thu,0,16 Jul 2009
20090717,2009-07-17,2009,3,Q3 2009,7,July,Jul,2009-07,29,5,Friday,Fri,0,17 Jul 2009
20090718,2009-07-18,2009,3,Q3 2009,7,July,Jul,2009-07,29,6,Saturday,Sat,1,18 Jul 2009
20090719,2009-07-19,2009,3,Q3 2009,7,July,Jul,2009-07,29,7,Sunday,Sun,1,19 Jul 2009
20090720,2009-07-20,2009,3,Q3 2009,7,July,Jul,2009-07,30,1,Monday,Mon,0,20 Jul 2009
20090721,2009-07-21,2009,3,Q3 2009,7,July,Jul,2009-07,30,2,Tuesday,Tue,0,21 Jul 2009
20090722,2009-07-22,2009,3,Q3 2009,7,July,Jul,2009-07,30,3,Wednesday,Wed,0,22 Jul 2009
20090723,2009-07-23,2009,3,Q3 2009,7,July,Jul,2009-07,30,4,Thursday,Thu,0,23 Jul 2009
20090724,2009-07-24,2009,3,Q3 2009,7,July,Jul,2009-07,30,5,Friday,Fri,0,24 Jul 2009
20090725,2009-07-25,2009,3,Q3 2009,7,July,Jul,2009-07,30,6,Saturday,Sat,1,25 Jul 2009
20090726,2009-07-26,2009,3,Q3 2009,7,July,Jul,2009-07,30,7,Sunday,Sun,1,26 Jul 2009
20090727,2009-07-27,2009,3,Q3 2009,7,July,Jul,2009-07,31,1,Monday,Mon,0,27 Jul 2009
20090728,2009-07-28,2009,3,Q3 2009,7,July,Jul,2009-07,31,2,Tuesday,Tue,0,28 Jul 2009
20090729,2009-07-29,2009,3,Q3 2009,7,July,Jul,2009-07,31,3,Wednesday,Wed,0,29 Jul 2009
20090730,2009-07-30,2009,3,Q3 2009,7,July,Jul,2009-07,31,4,Thursday,Thu,0,30 Jul 2009
20090731,2009-07-31,2009,3,Q3 2009,7,July,Jul,2009-07,31,5,Friday,Fri,0,31 Jul 2009
20090801,2009-08-01,2009,3,Q3 2009,8,August,Aug,2009-08,31,6,Saturday,Sat,1,01 Aug 2009
20090802,2009-08-02,2009,3,Q3 2009,8,August,Aug,2009-08,31,7,Sunday,Sun,1,02 Aug 2009
20090803,2009-08-03,2009,3,Q3 2009,8,August,Aug,2009-08,32,1,Monday,Mon,0,03 Aug 2009
20090804,2009-08-04,2009,3,Q3 2009,8,August,Aug,2009-08,32,2,Tuesday,Tue,0,04 Aug 2009
20090805,2009-08-05,2009,3,Q3 2009,8,August,Aug,2009-08,32,3,Wednesday,Wed,0,05 Aug 2009
20090806,2009-08-06,2009,3,Q3 2009,8,August,Aug,2009-08,32,4,Thursday,Thu,0,06 Aug 2009
20090807,2009-08-07,2009,3,Q3 2009,8,August,Aug,2009-08,32,5,Friday,Fri,0,07 Aug 2009
20090808,2009-08-08,2009,3,Q3 2009,8,August,Aug,2009-08,32,6,Saturday,Sat,1,08 Aug 2009
20090809,2009-08-09,2009,3,Q3 2009,8,August,Aug,2009-08,32,7,Sunday,Sun,1,09 Aug 2009
20090810,2009-08-10,2009,3,Q3 2009,8,August,Aug,2009-08,33,1,Monday,Mon,0,10 Aug 2009
20090811,2009-08-11,2009,3,Q3 2009,8,August,Aug,2009-08,33,2,Tuesday,Tue,0,11 Aug 2009
20090812,2009-08-12,2009,3,Q3 2009,8,August,Aug,2009-08,33,3,Wednesday,Wed,0,12 Aug 2009
20090813,2009-08-13,2009,3,Q3 2009,8,August,Aug,2009-08,33,4,Thursday,Thu,0,13 Aug 2009
20090814,2009-08-14,2009,3,Q3 2009,8,August,Aug,2009-08,33,5,Friday,Fri,0,14 Aug 2009
20090815,2009-08-15,2009,3,Q3 2009,8,August,Aug,2009-08,33,6,Saturday,Sat,1,15 Aug 2009
20090816,2009-08-16,2009,3,Q3 2009,8,August,Aug,2009-08,33,7,Sunday,Sun,1,16 Aug 2009
20090817,2009-08-17,2009,3,Q3 2009,8,August,Aug,2009-08,34,1,Monday,Mon,0,17 Aug 2009
20090818,2009-08-18,2009,3,Q3 2009,8,August,Aug,2009-08,34,2,Tuesday,Tue,0,18 Aug 2009
20090819,2009-08-19,2009,3,Q3 2009,8,August,Aug,2009-08,34,3,Wednesday,Wed,0,19 Aug 2009
20090820,2009-08-20,2009,3,Q3 2009,8,August,Aug,2009-08,34,4,Thursday,Thu,0,20 Aug 2009
20090821,2009-08-21,2009,3,Q3 2009,8,August,Aug,2009-08,34,5,Friday,Fri,0,21 Aug 2009
20090822,2009-08-22,2009,3,Q3 2009,8,August,Aug,2009-08,34,6,Saturday,Sat,1,22 Aug 2009
20090823,2009-08-23,2009,3,Q3 2009,8,August,Aug,2009-08,34,7,Sunday,Sun,1,23 Aug 2009
20090824,2009-08-24,2009,3,Q3 2009,8,August,Aug,2009-08,35,1,Monday,Mon,0,24 Aug 2009
20090825,2009-08-25,2009,3,Q3 2009,8,August,Aug,2009-08,35,2,Tuesday,Tue,0,25 Aug 2009
20090826,2009-08-26,2009,3,Q3 2009,8,August,Aug,2009-08,35,3,Wednesday,Wed,0,26 Aug 2009
20090827,2009-08-27,2009,3,Q3 2009,8,August,Aug,2009-08,35,4,Thursday,Thu,0,27 Aug 2009
20090828,2009-08-28,2009,3,Q3 2009,8,August,Aug,2009-08,35,5,Friday,Fri,0,28 Aug 2009
20090829,2009-08-29,2009,3,Q3 2009,8,August,Aug,2009-08,35,6,Saturday,Sat,1,29 Aug 2009
20090830,2009-08-30,2009,3,Q3 2009,8,August,Aug,2009-08,35,7,Sunday,Sun,1,30 Aug 2009
20090831,2009-08-31,2009,3,Q3 2009,8,August,Aug,2009-08,36,1,Monday,Mon,0,31 Aug 2009
20090901,2009-09-01,2009,3,Q3 2009,9,September,Sep,2009-09,36,2,Tuesday,Tue,0,01 Sep 2009
20090902,2009-09-02,2009,3,Q3 2009,9,September,Sep,2009-09,36,3,Wednesday,Wed,0,02 Sep 2009
20090903,2009-09-03,2009,3,Q3 2009,9,September,Sep,2009-09,36,4,Thursday,Thu,0,03 Sep 2009
20090904,2009-09-04,2009,3,Q3 2009,9,September,Sep,2009-09,36,5,Friday,Fri,0,04 Sep 2009
20090905,2009-09-05,2009,3,Q3 2009,9,September,Sep,2009-09,36,6,Saturday,Sat,1,05 Sep 2009
20090906,2009-09-06,2009,3,Q3 2009,9,September,Sep,2009-09,36,7,Sunday,Sun,1,06 Sep 2009
20090907,2009-09-07,2009,3,Q3 2009,9,September,Sep,2009-09,37,1,Monday,Mon,0,07 Sep 2009
20090908,2009-09-08,2009,3,Q3 2009,9,September,Sep,2009-09,37,2,Tuesday,Tue,0,08 Sep 2009
20090909,2009-09-09,2009,3,Q3 2009,9,September,Sep,2009-09,37,3,Wednesday,Wed,0,09 Sep 2009
20090910,2009-09-10,2009,3,Q3 2009,9,September,Sep,2009-09,37,4,Thursday,Thu,0,10 Sep 2009
20090911,2009-09-11,2009,3,Q3 2009,9,September,Sep,2009-09,37,5,Friday,Fri,0,11 Sep 2009
20090912,2009-09-12,2009,3,Q3 2009,9,September,Sep,2009-09,37,6,Saturday,Sat,1,12 Sep 2009
20090913,2009-09-13,2009,3,Q3 2009,9,September,Sep,2009-09,37,7,Sunday,Sun,1,13 Sep 2009
20090914,2009-09-14,2009,3,Q3 2009,9,September,Sep,2009-09,38,1,Monday,Mon,0,14 Sep 2009
20090915,2009-09-15,2009,3,Q3 2009,9,September,Sep,2009-09,38,2,Tuesday,Tue,0,15 Sep 2009
20090916,2009-09-16,2009,3,Q3 2009,9,September,Sep,2009-09,38,3,Wednesday,Wed,0,16 Sep 2009
20090917,2009-09-17,2009,3,Q3 2009,9,September,Sep,2009-09,38,4,Thursday,Thu,0,17 Sep 2009
20090918,2009-09-18,2009,3,Q3 2009,9,September,Sep,2009-09,38,5,Friday,Fri,0,18 Sep 2009
20090919,2009-09-19,2009,3,Q3 2009,9,September,Sep,2009-09,38,6,Saturday,Sat,1,19 Sep 2009
20090920,2009-09-20,2009,3,Q3 2009,9,September,Sep,2009-09,38,7,Sunday,Sun,1,20 Sep 2009
20090921,2009-09-21,2009,3,Q3 2009,9,September,Sep,2009-09,39,1,Monday,Mon,0,21 Sep 2009
20090922,2009-09-22,2009,3,Q3 2009,9,September,Sep,2009-09,39,2,Tuesday,Tue,0,22 Sep 2009
20090923,2009-09-23,2009,3,Q3 2009,9,September,Sep,2009-09,39,3,Wednesday,Wed,0,23 Sep 2009
20090924,2009-09-24,2009,3,Q3 2009,9,September,Sep,2009-09,39,4,Thursday,Thu,0,24 Sep 2009
20090925,2009-09-25,2009,3,Q3 2009,9,September,Sep,2009-09,39,5,Friday,Fri,0,25 Sep 2009
20090926,2009-09-26,2009,3,Q3 2009,9,September,Sep,2009-09,39,6,Saturday,Sat,1,26 Sep 2009
20090927,2009-09-27,2009,3,Q3 2009,9,September,Sep,2009-09,39,7,Sunday,Sun,1,27 Sep 2009
20090928,2009-09-28,2009,3,Q3 2009,9,September,Sep,2009-09,40,1,Monday,Mon,0,28 Sep 2009
20090929,2009-09-29,2009,3,Q3 2009,9,September,Sep,2009-09,40,2,Tuesday,Tue,0,29 Sep 2009
20090930,2009-09-30,2009,3,Q3 2009,9,September,Sep,2009-09,40,3,Wednesday,Wed,0,30 Sep 2009
20091001,2009-10-01,2009,4,Q4 2009,10,October,Oct,2009-10,40,4,Thursday,Thu,0,01 Oct 2009
20091002,2009-10-02,2009,4,Q4 2009,10,October,Oct,2009-10,40,5,Friday,Fri,0,02 Oct 2009
20091003,2009-10-03,2009,4,Q4 2009,10,October,Oct,2009-10,40,6,Saturday,Sat,1,03 Oct 2009
20091004,2009-10-04,2009,4,Q4 2009,10,October,Oct,2009-10,40,7,Sunday,Sun,1,04 Oct 2009
20091005,2009-10-05,2009,4,Q4 2009,10,October,Oct,2009-10,41,1,Monday,Mon,0,05 Oct 2009
20091006,2009-10-06,2009,4,Q4 2009,10,October,Oct,2009-10,41,2,Tuesday,Tue,0,06 Oct 2009
20091007,2009-10-07,2009,4,Q4 2009,10,October,Oct,2009-10,41,3,Wednesday,Wed,0,07 Oct 2009
20091008,2009-10-08,2009,4,Q4 2009,10,October,Oct,2009-10,41,4,Thursday,Thu,0,08 Oct 2009
20091009,2009-10-09,2009,4,Q4 2009,10,October,Oct,2009-10,41,5,Friday,Fri,0,09 Oct 2009
20091010,2009-10-10,2009,4,Q4 2009,10,October,Oct,2009-10,41,6,Saturday,Sat,1,10 Oct 2009
20091011,2009-10-11,2009,4,Q4 2009,10,October,Oct,2009-10,41,7,Sunday,Sun,1,11 Oct 2009
20091012,2009-10-12,2009,4,Q4 2009,10,October,Oct,2009-10,42,1,Monday,Mon,0,12 Oct 2009
20091013,2009-10-13,2009,4,Q4 2009,10,October,Oct,2009-10,42,2,Tuesday,Tue,0,13 Oct 2009
20091014,2009-10-14,2009,4,Q4 2009,10,October,Oct,2009-10,42,3,Wednesday,Wed,0,14 Oct 2009
20091015,2009-10-15,2009,4,Q4 2009,10,October,Oct,2009-10,42,4,Thursday,Thu,0,15 Oct 2009
20091016,2009-10-16,2009,4,Q4 2009,10,October,Oct,2009-10,42,5,Friday,Fri,0,16 Oct 2009
20091017,2009-10-17,2009,4,Q4 2009,10,October,Oct,2009-10,42,6,Saturday,Sat,1,17 Oct 2009
20091018,2009-10-18,2009,4,Q4 2009,10,October,Oct,2009-10,42,7,Sunday,Sun,1,18 Oct 2009
20091019,2009-10-19,2009,4,Q4 2009,10,October,Oct,2009-10,43,1,Monday,Mon,0,19 Oct 2009
20091020,2009-10-20,2009,4,Q4 2009,10,October,Oct,2009-10,43,2,Tuesday,Tue,0,20 Oct 2009
20091021,2009-10-21,2009,4,Q4 2009,10,October,Oct,2009-10,43,3,Wednesday,Wed,0,21 Oct 2009
20091022,2009-10-22,2009,4,Q4 2009,10,October,Oct,2009-10,43,4,Thursday,Thu,0,22 Oct 2009
20091023,2009-10-23,2009,4,Q4 2009,10,October,Oct,2009-10,43,5,Friday,Fri,0,23 Oct 2009
20091024,2009-10-24,2009,4,Q4 2009,10,October,Oct,2009-10,43,6,Saturday,Sat,1,24 Oct 2009
20091025,2009-10-25,2009,4,Q4 2009,10,October,Oct,2009-10,43,7,Sunday,Sun,1,25 Oct 2009
20091026,2009-10-26,2009,4,Q4 2009,10,October,Oct,2009-10,44,1,Monday,Mon,0,26 Oct 2009
20091027,2009-10-27,2009,4,Q4 2009,10,October,Oct,2009-10,44,2,Tuesday,Tue,0,27 Oct 2009
20091028,2009-10-28,2009,4,Q4 2009,10,October,Oct,2009-10,44,3,Wednesday,Wed,0,28 Oct 2009
20091029,2009-10-29,2009,4,Q4 2009,10,October,Oct,2009-10,44,4,Thursday,Thu,0,29 Oct 2009
20091030,2009-10-30,2009,4,Q4 2009,10,October,Oct,2009-10,44,5,Friday,Fri,0,30 Oct 2009
20091031,2009-10-31,2009,4,Q4 2009,10,October,Oct,2009-10,44,6,Saturday,Sat,1,31 Oct 2009
20091101,2009-11-01,2009,4,Q4 2009,11,November,Nov,2009-11,44,7,Sunday,Sun,1,01 Nov 2009
20091102,2009-11-02,2009,4,Q4 2009,11,November,Nov,2009-11,45,1,Monday,Mon,0,02 Nov 2009
20091103,2009-11-03,2009,4,Q4 2009,11,November,Nov,2009-11,45,2,Tuesday,Tue,0,03 Nov 2009
20091104,2009-11-04,2009,4,Q4 2009,11,November,Nov,2009-11,45,3,Wednesday,Wed,0,04 Nov 2009
20091105,2009-11-05,2009,4,Q4 2009,11,November,Nov,2009-11,45,4,Thursday,Thu,0,05 Nov 2009
20091106,2009-11-06,2009,4,Q4 2009,11,November,Nov,2009-11,45,5,Friday,Fri,0,06 Nov 2009
20091107,2009-11-07,2009,4,Q4 2009,11,November,Nov,2009-11,45,6,Saturday,Sat,1,07 Nov 2009
20091108,2009-11-08,2009,4,Q4 2009,11,November,Nov,2009-11,45,7,Sunday,Sun,1,08 Nov 2009
20091109,2009-11-09,2009,4,Q4 2009,11,November,Nov,2009-11,46,1,Monday,Mon,0,09 Nov 2009
20091110,2009-11-10,2009,4,Q4 2009,11,November,Nov,2009-11,46,2,Tuesday,Tue,0,10 Nov 2009
20091111,2009-11-11,2009,4,Q4 2009,11,November,Nov,2009-11,46,3,Wednesday,Wed,0,11 Nov 2009
20091112,2009-11-12,2009,4,Q4 2009,11,November,Nov,2009-11,46,4,Thursday,Thu,0,12 Nov 2009
20091113,2009-11-13,2009,4,Q4 2009,11,November,Nov,2009-11,46,5,Friday,Fri,0,13 Nov 2009
20091114,2009-11-14,2009,4,Q4 2009,11,November,Nov,2009-11,46,6,Saturday,Sat,1,14 Nov 2009
20091115,2009-11-15,2009,4,Q4 2009,11,November,Nov,2009-11,46,7,Sunday,Sun,1,15 Nov 2009
20091116,2009-11-16,2009,4,Q4 2009,11,November,Nov,2009-11,47,1,Monday,Mon,0,16 Nov 2009
20091117,2009-11-17,2009,4,Q4 2009,11,November,Nov,2009-11,47,2,Tuesday,Tue,0,17 Nov 2009
20091118,2009-11-18,2009,4,Q4 2009,11,November,Nov,2009-11,47,3,Wednesday,Wed,0,18 Nov 2009
20091119,2009-11-19,2009,4,Q4 2009,11,November,Nov,2009-11,47,4,Thursday,Thu,0,19 Nov 2009
20091120,2009-11-20,2009,4,Q4 2009,11,November,Nov,2009-11,47,5,Friday,Fri,0,20 Nov 2009
20091121,2009-11-21,2009,4,Q4 2009,11,November,Nov,2009-11,47,6,Saturday,Sat,1,21 Nov 2009
20091122,2009-11-22,2009,4,Q4 2009,11,November,Nov,2009-11,47,7,Sunday,Sun,1,22 Nov 2009
20091123,2009-11-23,2009,4,Q4 2009,11,November,Nov,2009-11,48,1,Monday,Mon,0,23 Nov 2009
20091124,2009-11-24,2009,4,Q4 2009,11,November,Nov,2009-11,48,2,Tuesday,Tue,0,24 Nov 2009
20091125,2009-11-25,2009,4,Q4 2009,11,November,Nov,2009-11,48,3,Wednesday,Wed,0,25 Nov 2009
20091126,2009-11-26,2009,4,Q4 2009,11,November,Nov,2009-11,48,4,Thursday,Thu,0,26 Nov 2009
20091127,2009-11-27,2009,4,Q4 2009,11,November,Nov,2009-11,48,5,Friday,Fri,0,27 Nov 2009
20091128,2009-11-28,2009,4,Q4 2009,11,November,Nov,2009-11,48,6,Saturday,Sat,1,28 Nov 2009
20091129,2009-11-29,2009,4,Q4 2009,11,November,Nov,2009-11,48,7,Sunday,Sun,1,29 Nov 2009
20091130,2009-11-30,2009,4,Q4 2009,11,November,Nov,2009-11,49,1,Monday,Mon,0,30 Nov 2009
20091201,2009-12-01,2009,4,Q4 2009,12,December,Dec,2009-12,49,2,Tuesday,Tue,0,01 Dec 2009
20091202,2009-12-02,2009,4,Q4 2009,12,December,Dec,2009-12,49,3,Wednesday,Wed,0,02 Dec 2009
20091203,2009-12-03,2009,4,Q4 2009,12,December,Dec,2009-12,49,4,Thursday,Thu,0,03 Dec 2009
20091204,2009-12-04,2009,4,Q4 2009,12,December,Dec,2009-12,49,5,Friday,Fri,0,04 Dec 2009
20091205,2009-12-05,2009,4,Q4 2009,12,December,Dec,2009-12,49,6,Saturday,Sat,1,05 Dec 2009
20091206,2009-12-06,2009,4,Q4 2009,12,December,Dec,2009-12,49,7,Sunday,Sun,1,06 Dec 2009
20091207,2009-12-07,2009,4,Q4 2009,12,December,Dec,2009-12,50,1,Monday,Mon,0,07 Dec 2009
20091208,2009-12-08,2009,4,Q4 2009,12,December,Dec,2009-12,50,2,Tuesday,Tue,0,08 Dec 2009
20091209,2009-12-09,2009,4,Q4 2009,12,December,Dec,2009-12,50,3,Wednesday,Wed,0,09 Dec 2009
20091210,2009-12-10,2009,4,Q4 2009,12,December,Dec,2009-12,50,4,Thursday,Thu,0,10 Dec 2009
20091211,2009-12-11,2009,4,Q4 2009,12,December,Dec,2009-12,50,5,Friday,Fri,0,11 Dec 2009
20091212,2009-12-12,2009,4,Q4 2009,12,December,Dec,2009-12,50,6,Saturday,Sat,1,12 Dec 2009
20091213,2009-12-13,2009,4,Q4 2009,12,December,Dec,2009-12,50,7,Sunday,Sun,1,13 Dec 2009
20091214,2009-12-14,2009,4,Q4 2009,12,December,Dec,2009-12,51,1,Monday,Mon,0,14 Dec 2009
20091215,2009-12-15,2009,4,Q4 2009,12,December,Dec,2009-12,51,2,Tuesday,Tue,0,15 Dec 2009
20091216,2009-12-16,2009,4,Q4 2009,12,December,Dec,2009-12,51,3,Wednesday,Wed,0,16 Dec 2009
20091217,2009-12-17,2009,4,Q4 2009,12,December,Dec,2009-12,51,4,Thursday,Thu,0,17 Dec 2009
20091218,2009-12-18,2009,4,Q4 2009,12,December,Dec,2009-12,51,5,Friday,Fri,0,18 Dec 2009
20091219,2009-12-19,2009,4,Q4 2009,12,December,Dec,2009-12,51,6,Saturday,Sat,1,19 Dec 2009
20091220,2009-12-20,2009,4,Q4 2009,12,December,Dec,2009-12,51,7,Sunday,Sun,1,20 Dec 2009
20091221,2009-12-21,2009,4,Q4 2009,12,December,Dec,2009-12,52,1,Monday,Mon,0,21 Dec 2009
20091222,2009-12-22,2009,4,Q4 2009,12,December,Dec,2009-12,52,2,Tuesday,Tue,0,22 Dec 2009
20091223,2009-12-23,2009,4,Q4 2009,12,December,Dec,2009-12,52,3,Wednesday,Wed,0,23 Dec 2009
20091224,2009-12-24,2009,4,Q4 2009,12,December,Dec,2009-12,52,4,Thursday,Thu,0,24 Dec 2009
20091225,2009-12-25,2009,4,Q4 2009,12,December,Dec,2009-12,52,5,Friday,Fri,0,25 Dec 2009
20091226,2009-12-26,2009,4,Q4 2009,12,December,Dec,2009-12,52,6,Saturday,Sat,1,26 Dec 2009
20091227,2009-12-27,2009,4,Q4 2009,12,December,Dec,2009-12,52,7,Sunday,Sun,1,27 Dec 2009
20091228,2009-12-28,2009,4,Q4 2009,12,December,Dec,2009-12,53,1,Monday,Mon,0,28 Dec 2009
20091229,2009-12-29,2009,4,Q4 2009,12,December,Dec,2009-12,53,2,Tuesday,Tue,0,29 Dec 2009
20091230,2009-12-30,2009,4,Q4 2009,12,December,Dec,2009-12,53,3,Wednesday,Wed,0,30 Dec 2009
20091231,2009-12-31,2009,4,Q4 2009,12,December,Dec,2009-12,53,4,Thursday,Thu,0,31 Dec 2009
